file,line,type,commit,author,date,time,timezone,datetime,depth,length
/Users/sohan/Documents/dsc106/lab/style.css,1,css,b3ca347,sohan-shingade,2026-04-10,15:36:16,-07:00,2026-04-10T15:36:16-07:00,0,5
/Users/sohan/Documents/dsc106/lab/style.css,2,css,b3ca347,sohan-shingade,2026-04-10,15:36:16,-07:00,2026-04-10T15:36:16-07:00,1,33
/Users/sohan/Documents/dsc106/lab/style.css,3,css,e99309d0,sohan-shingade,2026-04-17,16:54:18,-07:00,2026-04-17T16:54:18-07:00,1,23
/Users/sohan/Documents/dsc106/lab/style.css,4,css,b3ca347,sohan-shingade,2026-04-10,15:36:16,-07:00,2026-04-10T15:36:16-07:00,0,0
/Users/sohan/Documents/dsc106/lab/style.css,5,css,b3ca347,sohan-shingade,2026-04-10,15:36:16,-07:00,2026-04-10T15:36:16-07:00,0,0
/Users/sohan/Documents/dsc106/lab/style.css,6,css,b3ca347,sohan-shingade,2026-04-10,15:36:16,-07:00,2026-04-10T15:36:16-07:00,0,4
/Users/sohan/Documents/dsc106/lab/style.css,7,css,b3ca347,sohan-shingade,2026-04-10,15:36:16,-07:00,2026-04-10T15:36:16-07:00,1,108
/Users/sohan/Documents/dsc106/lab/style.css,8,css,b3ca347,sohan-shingade,2026-04-10,15:36:16,-07:00,2026-04-10T15:36:16-07:00,1,15
/Users/sohan/Documents/dsc106/lab/style.css,9,css,b3ca347,sohan-shingade,2026-04-10,15:36:16,-07:00,2026-04-10T15:36:16-07:00,1,18
/Users/sohan/Documents/dsc106/lab/style.css,10,css,b3ca347,sohan-shingade,2026-04-10,15:36:16,-07:00,2026-04-10T15:36:16-07:00,1,12
/Users/sohan/Documents/dsc106/lab/style.css,11,css,b3ca347,sohan-shingade,2026-04-10,15:36:16,-07:00,2026-04-10T15:36:16-07:00,1,32
/Users/sohan/Documents/dsc106/lab/style.css,12,css,b3ca347,sohan-shingade,2026-04-10,15:36:16,-07:00,2026-04-10T15:36:16-07:00,0,0
/Users/sohan/Documents/dsc106/lab/style.css,13,css,b3ca347,sohan-shingade,2026-04-10,15:36:16,-07:00,2026-04-10T15:36:16-07:00,0,0
/Users/sohan/Documents/dsc106/lab/style.css,14,css,e99309d0,sohan-shingade,2026-04-17,16:54:18,-07:00,2026-04-17T16:54:18-07:00,0,18
/Users/sohan/Documents/dsc106/lab/style.css,15,css,e99309d0,sohan-shingade,2026-04-17,16:54:18,-07:00,2026-04-17T16:54:18-07:00,0,13
/Users/sohan/Documents/dsc106/lab/style.css,16,css,e99309d0,sohan-shingade,2026-04-17,16:54:18,-07:00,2026-04-17T16:54:18-07:00,1,17
/Users/sohan/Documents/dsc106/lab/style.css,17,css,e99309d0,sohan-shingade,2026-04-17,16:54:18,-07:00,2026-04-17T16:54:18-07:00,1,8
/Users/sohan/Documents/dsc106/lab/style.css,18,css,e99309d0,sohan-shingade,2026-04-17,16:54:18,-07:00,2026-04-17T16:54:18-07:00,1,10
/Users/sohan/Documents/dsc106/lab/style.css,19,css,e99309d0,sohan-shingade,2026-04-17,16:54:18,-07:00,2026-04-17T16:54:18-07:00,1,13
/Users/sohan/Documents/dsc106/lab/style.css,20,css,e99309d0,sohan-shingade,2026-04-17,16:54:18,-07:00,2026-04-17T16:54:18-07:00,1,19
/Users/sohan/Documents/dsc106/lab/style.css,21,css,e99309d0,sohan-shingade,2026-04-17,16:54:18,-07:00,2026-04-17T16:54:18-07:00,0,0
/Users/sohan/Documents/dsc106/lab/style.css,22,css,e99309d0,sohan-shingade,2026-04-17,16:54:18,-07:00,2026-04-17T16:54:18-07:00,0,0
/Users/sohan/Documents/dsc106/lab/style.css,23,css,e99309d0,sohan-shingade,2026-04-17,16:54:18,-07:00,2026-04-17T16:54:18-07:00,0,20
/Users/sohan/Documents/dsc106/lab/style.css,24,css,e99309d0,sohan-shingade,2026-04-17,16:54:18,-07:00,2026-04-17T16:54:18-07:00,1,12
/Users/sohan/Documents/dsc106/lab/style.css,25,css,e99309d0,sohan-shingade,2026-04-17,16:54:18,-07:00,2026-04-17T16:54:18-07:00,0,0
/Users/sohan/Documents/dsc106/lab/style.css,26,css,e99309d0,sohan-shingade,2026-04-17,16:54:18,-07:00,2026-04-17T16:54:18-07:00,0,0
/Users/sohan/Documents/dsc106/lab/style.css,27,css,b3ca347,sohan-shingade,2026-04-10,15:36:16,-07:00,2026-04-10T15:36:16-07:00,0,14
/Users/sohan/Documents/dsc106/lab/style.css,28,css,b3ca347,sohan-shingade,2026-04-10,15:36:16,-07:00,2026-04-10T15:36:16-07:00,0,3
/Users/sohan/Documents/dsc106/lab/style.css,29,css,b3ca347,sohan-shingade,2026-04-10,15:36:16,-07:00,2026-04-10T15:36:16-07:00,1,12
/Users/sohan/Documents/dsc106/lab/style.css,30,css,e99309d0,sohan-shingade,2026-04-17,16:54:18,-07:00,2026-04-17T16:54:18-07:00,1,48
/Users/sohan/Documents/dsc106/lab/style.css,31,css,b3ca347,sohan-shingade,2026-04-10,15:36:16,-07:00,2026-04-10T15:36:16-07:00,1,20
/Users/sohan/Documents/dsc106/lab/style.css,32,css,b3ca347,sohan-shingade,2026-04-10,15:36:16,-07:00,2026-04-10T15:36:16-07:00,0,0
/Users/sohan/Documents/dsc106/lab/style.css,33,css,b3ca347,sohan-shingade,2026-04-10,15:36:16,-07:00,2026-04-10T15:36:16-07:00,0,0
/Users/sohan/Documents/dsc106/lab/style.css,34,css,b3ca347,sohan-shingade,2026-04-10,15:36:16,-07:00,2026-04-10T15:36:16-07:00,0,5
/Users/sohan/Documents/dsc106/lab/style.css,35,css,b3ca347,sohan-shingade,2026-04-10,15:36:16,-07:00,2026-04-10T15:36:16-07:00,1,6
/Users/sohan/Documents/dsc106/lab/style.css,36,css,b3ca347,sohan-shingade,2026-04-10,15:36:16,-07:00,2026-04-10T15:36:16-07:00,1,20
/Users/sohan/Documents/dsc106/lab/style.css,37,css,b3ca347,sohan-shingade,2026-04-10,15:36:16,-07:00,2026-04-10T15:36:16-07:00,1,13
/Users/sohan/Documents/dsc106/lab/style.css,38,css,b3ca347,sohan-shingade,2026-04-10,15:36:16,-07:00,2026-04-10T15:36:16-07:00,1,17
/Users/sohan/Documents/dsc106/lab/style.css,39,css,b3ca347,sohan-shingade,2026-04-10,15:36:16,-07:00,2026-04-10T15:36:16-07:00,1,13
/Users/sohan/Documents/dsc106/lab/style.css,40,css,b3ca347,sohan-shingade,2026-04-10,15:36:16,-07:00,2026-04-10T15:36:16-07:00,0,0
/Users/sohan/Documents/dsc106/lab/style.css,41,css,b3ca347,sohan-shingade,2026-04-10,15:36:16,-07:00,2026-04-10T15:36:16-07:00,0,0
/Users/sohan/Documents/dsc106/lab/style.css,42,css,b3ca347,sohan-shingade,2026-04-10,15:36:16,-07:00,2026-04-10T15:36:16-07:00,0,11
/Users/sohan/Documents/dsc106/lab/style.css,43,css,b3ca347,sohan-shingade,2026-04-10,15:36:16,-07:00,2026-04-10T15:36:16-07:00,1,45
/Users/sohan/Documents/dsc106/lab/style.css,44,css,b3ca347,sohan-shingade,2026-04-10,15:36:16,-07:00,2026-04-10T15:36:16-07:00,1,34
/Users/sohan/Documents/dsc106/lab/style.css,45,css,e99309d0,sohan-shingade,2026-04-17,16:54:18,-07:00,2026-04-17T16:54:18-07:00,1,69
/Users/sohan/Documents/dsc106/lab/style.css,46,css,b3ca347,sohan-shingade,2026-04-10,15:36:16,-07:00,2026-04-10T15:36:16-07:00,0,0
/Users/sohan/Documents/dsc106/lab/style.css,47,css,b3ca347,sohan-shingade,2026-04-10,15:36:16,-07:00,2026-04-10T15:36:16-07:00,0,0
/Users/sohan/Documents/dsc106/lab/style.css,48,css,b3ca347,sohan-shingade,2026-04-10,15:36:16,-07:00,2026-04-10T15:36:16-07:00,0,13
/Users/sohan/Documents/dsc106/lab/style.css,49,css,b3ca347,sohan-shingade,2026-04-10,15:36:16,-07:00,2026-04-10T15:36:16-07:00,1,41
/Users/sohan/Documents/dsc106/lab/style.css,50,css,b3ca347,sohan-shingade,2026-04-10,15:36:16,-07:00,2026-04-10T15:36:16-07:00,1,34
/Users/sohan/Documents/dsc106/lab/style.css,51,css,b3ca347,sohan-shingade,2026-04-10,15:36:16,-07:00,2026-04-10T15:36:16-07:00,0,0
/Users/sohan/Documents/dsc106/lab/style.css,52,css,b3ca347,sohan-shingade,2026-04-10,15:36:16,-07:00,2026-04-10T15:36:16-07:00,0,0
/Users/sohan/Documents/dsc106/lab/style.css,53,css,b3ca347,sohan-shingade,2026-04-10,15:36:16,-07:00,2026-04-10T15:36:16-07:00,0,14
/Users/sohan/Documents/dsc106/lab/style.css,54,css,b3ca347,sohan-shingade,2026-04-10,15:36:16,-07:00,2026-04-10T15:36:16-07:00,0,2
/Users/sohan/Documents/dsc106/lab/style.css,55,css,b3ca347,sohan-shingade,2026-04-10,15:36:16,-07:00,2026-04-10T15:36:16-07:00,1,14
/Users/sohan/Documents/dsc106/lab/style.css,56,css,b3ca347,sohan-shingade,2026-04-10,15:36:16,-07:00,2026-04-10T15:36:16-07:00,1,15
/Users/sohan/Documents/dsc106/lab/style.css,57,css,b3ca347,sohan-shingade,2026-04-10,15:36:16,-07:00,2026-04-10T15:36:16-07:00,1,17
/Users/sohan/Documents/dsc106/lab/style.css,58,css,b3ca347,sohan-shingade,2026-04-10,15:36:16,-07:00,2026-04-10T15:36:16-07:00,1,24
/Users/sohan/Documents/dsc106/lab/style.css,59,css,b3ca347,sohan-shingade,2026-04-10,15:36:16,-07:00,2026-04-10T15:36:16-07:00,1,22
/Users/sohan/Documents/dsc106/lab/style.css,60,css,b3ca347,sohan-shingade,2026-04-10,15:36:16,-07:00,2026-04-10T15:36:16-07:00,0,0
/Users/sohan/Documents/dsc106/lab/style.css,61,css,b3ca347,sohan-shingade,2026-04-10,15:36:16,-07:00,2026-04-10T15:36:16-07:00,0,0
/Users/sohan/Documents/dsc106/lab/style.css,62,css,b3ca347,sohan-shingade,2026-04-10,15:36:16,-07:00,2026-04-10T15:36:16-07:00,0,6
/Users/sohan/Documents/dsc106/lab/style.css,63,css,b3ca347,sohan-shingade,2026-04-10,15:36:16,-07:00,2026-04-10T15:36:16-07:00,1,15
/Users/sohan/Documents/dsc106/lab/style.css,64,css,b3ca347,sohan-shingade,2026-04-10,15:36:16,-07:00,2026-04-10T15:36:16-07:00,1,17
/Users/sohan/Documents/dsc106/lab/style.css,65,css,b3ca347,sohan-shingade,2026-04-10,15:36:16,-07:00,2026-04-10T15:36:16-07:00,1,24
/Users/sohan/Documents/dsc106/lab/style.css,66,css,b3ca347,sohan-shingade,2026-04-10,15:36:16,-07:00,2026-04-10T15:36:16-07:00,1,21
/Users/sohan/Documents/dsc106/lab/style.css,67,css,b3ca347,sohan-shingade,2026-04-10,15:36:16,-07:00,2026-04-10T15:36:16-07:00,0,0
/Users/sohan/Documents/dsc106/lab/style.css,68,css,b3ca347,sohan-shingade,2026-04-10,15:36:16,-07:00,2026-04-10T15:36:16-07:00,0,0
/Users/sohan/Documents/dsc106/lab/style.css,69,css,b3ca347,sohan-shingade,2026-04-10,15:36:16,-07:00,2026-04-10T15:36:16-07:00,0,10
/Users/sohan/Documents/dsc106/lab/style.css,70,css,b3ca347,sohan-shingade,2026-04-10,15:36:16,-07:00,2026-04-10T15:36:16-07:00,0,3
/Users/sohan/Documents/dsc106/lab/style.css,71,css,b3ca347,sohan-shingade,2026-04-10,15:36:16,-07:00,2026-04-10T15:36:16-07:00,1,14
/Users/sohan/Documents/dsc106/lab/style.css,72,css,b3ca347,sohan-shingade,2026-04-10,15:36:16,-07:00,2026-04-10T15:36:16-07:00,1,11
/Users/sohan/Documents/dsc106/lab/style.css,73,css,b3ca347,sohan-shingade,2026-04-10,15:36:16,-07:00,2026-04-10T15:36:16-07:00,0,0
/Users/sohan/Documents/dsc106/lab/style.css,74,css,b3ca347,sohan-shingade,2026-04-10,15:36:16,-07:00,2026-04-10T15:36:16-07:00,0,0
/Users/sohan/Documents/dsc106/lab/style.css,75,css,b3ca347,sohan-shingade,2026-04-10,15:36:16,-07:00,2026-04-10T15:36:16-07:00,0,6
/Users/sohan/Documents/dsc106/lab/style.css,76,css,b3ca347,sohan-shingade,2026-04-10,15:36:16,-07:00,2026-04-10T15:36:16-07:00,1,11
/Users/sohan/Documents/dsc106/lab/style.css,77,css,b3ca347,sohan-shingade,2026-04-10,15:36:16,-07:00,2026-04-10T15:36:16-07:00,1,17
/Users/sohan/Documents/dsc106/lab/style.css,78,css,b3ca347,sohan-shingade,2026-04-10,15:36:16,-07:00,2026-04-10T15:36:16-07:00,0,0
/Users/sohan/Documents/dsc106/lab/style.css,79,css,b3ca347,sohan-shingade,2026-04-10,15:36:16,-07:00,2026-04-10T15:36:16-07:00,0,0
/Users/sohan/Documents/dsc106/lab/style.css,80,css,b3ca347,sohan-shingade,2026-04-10,15:36:16,-07:00,2026-04-10T15:36:16-07:00,0,22
/Users/sohan/Documents/dsc106/lab/style.css,81,css,b3ca347,sohan-shingade,2026-04-10,15:36:16,-07:00,2026-04-10T15:36:16-07:00,0,4
/Users/sohan/Documents/dsc106/lab/style.css,82,css,b3ca347,sohan-shingade,2026-04-10,15:36:16,-07:00,2026-04-10T15:36:16-07:00,1,12
/Users/sohan/Documents/dsc106/lab/style.css,83,css,b3ca347,sohan-shingade,2026-04-10,15:36:16,-07:00,2026-04-10T15:36:16-07:00,1,30
/Users/sohan/Documents/dsc106/lab/style.css,84,css,b3ca347,sohan-shingade,2026-04-10,15:36:16,-07:00,2026-04-10T15:36:16-07:00,1,7
/Users/sohan/Documents/dsc106/lab/style.css,85,css,b3ca347,sohan-shingade,2026-04-10,15:36:16,-07:00,2026-04-10T15:36:16-07:00,0,0
/Users/sohan/Documents/dsc106/lab/style.css,86,css,b3ca347,sohan-shingade,2026-04-10,15:36:16,-07:00,2026-04-10T15:36:16-07:00,0,0
/Users/sohan/Documents/dsc106/lab/style.css,87,css,b3ca347,sohan-shingade,2026-04-10,15:36:16,-07:00,2026-04-10T15:36:16-07:00,0,10
/Users/sohan/Documents/dsc106/lab/style.css,88,css,b3ca347,sohan-shingade,2026-04-10,15:36:16,-07:00,2026-04-10T15:36:16-07:00,1,12
/Users/sohan/Documents/dsc106/lab/style.css,89,css,b3ca347,sohan-shingade,2026-04-10,15:36:16,-07:00,2026-04-10T15:36:16-07:00,1,29
/Users/sohan/Documents/dsc106/lab/style.css,90,css,b3ca347,sohan-shingade,2026-04-10,15:36:16,-07:00,2026-04-10T15:36:16-07:00,1,18
/Users/sohan/Documents/dsc106/lab/style.css,91,css,b3ca347,sohan-shingade,2026-04-10,15:36:16,-07:00,2026-04-10T15:36:16-07:00,1,18
/Users/sohan/Documents/dsc106/lab/style.css,92,css,b3ca347,sohan-shingade,2026-04-10,15:36:16,-07:00,2026-04-10T15:36:16-07:00,0,0
/Users/sohan/Documents/dsc106/lab/style.css,93,css,b3ca347,sohan-shingade,2026-04-10,15:36:16,-07:00,2026-04-10T15:36:16-07:00,0,0
/Users/sohan/Documents/dsc106/lab/style.css,94,css,b3ca347,sohan-shingade,2026-04-10,15:36:16,-07:00,2026-04-10T15:36:16-07:00,0,14
/Users/sohan/Documents/dsc106/lab/style.css,95,css,b3ca347,sohan-shingade,2026-04-10,15:36:16,-07:00,2026-04-10T15:36:16-07:00,1,8
/Users/sohan/Documents/dsc106/lab/style.css,96,css,b3ca347,sohan-shingade,2026-04-10,15:36:16,-07:00,2026-04-10T15:36:16-07:00,0,0
/Users/sohan/Documents/dsc106/lab/style.css,97,css,b3ca347,sohan-shingade,2026-04-10,15:36:16,-07:00,2026-04-10T15:36:16-07:00,0,0
/Users/sohan/Documents/dsc106/lab/style.css,98,css,b3ca347,sohan-shingade,2026-04-10,15:36:16,-07:00,2026-04-10T15:36:16-07:00,0,9
/Users/sohan/Documents/dsc106/lab/style.css,99,css,b3ca347,sohan-shingade,2026-04-10,15:36:16,-07:00,2026-04-10T15:36:16-07:00,0,12
/Users/sohan/Documents/dsc106/lab/style.css,100,css,b3ca347,sohan-shingade,2026-04-10,15:36:16,-07:00,2026-04-10T15:36:16-07:00,0,11
/Users/sohan/Documents/dsc106/lab/style.css,101,css,b3ca347,sohan-shingade,2026-04-10,15:36:16,-07:00,2026-04-10T15:36:16-07:00,1,12
/Users/sohan/Documents/dsc106/lab/style.css,102,css,b3ca347,sohan-shingade,2026-04-10,15:36:16,-07:00,2026-04-10T15:36:16-07:00,1,21
/Users/sohan/Documents/dsc106/lab/style.css,103,css,b3ca347,sohan-shingade,2026-04-10,15:36:16,-07:00,2026-04-10T15:36:16-07:00,0,0
/Users/sohan/Documents/dsc106/lab/style.css,104,css,b3ca347,sohan-shingade,2026-04-10,15:36:16,-07:00,2026-04-10T15:36:16-07:00,0,0
/Users/sohan/Documents/dsc106/lab/style.css,105,css,b3ca347,sohan-shingade,2026-04-10,15:36:16,-07:00,2026-04-10T15:36:16-07:00,0,13
/Users/sohan/Documents/dsc106/lab/style.css,106,css,b3ca347,sohan-shingade,2026-04-10,15:36:16,-07:00,2026-04-10T15:36:16-07:00,1,12
/Users/sohan/Documents/dsc106/lab/style.css,107,css,b3ca347,sohan-shingade,2026-04-10,15:36:16,-07:00,2026-04-10T15:36:16-07:00,0,0
/Users/sohan/Documents/dsc106/lab/style.css,108,css,b3ca347,sohan-shingade,2026-04-10,15:36:16,-07:00,2026-04-10T15:36:16-07:00,0,0
/Users/sohan/Documents/dsc106/lab/style.css,109,css,b3ca347,sohan-shingade,2026-04-10,15:36:16,-07:00,2026-04-10T15:36:16-07:00,0,11
/Users/sohan/Documents/dsc106/lab/style.css,110,css,b3ca347,sohan-shingade,2026-04-10,15:36:16,-07:00,2026-04-10T15:36:16-07:00,1,18
/Users/sohan/Documents/dsc106/lab/style.css,111,css,b3ca347,sohan-shingade,2026-04-10,15:36:16,-07:00,2026-04-10T15:36:16-07:00,1,21
/Users/sohan/Documents/dsc106/lab/style.css,112,css,b3ca347,sohan-shingade,2026-04-10,15:36:16,-07:00,2026-04-10T15:36:16-07:00,1,14
/Users/sohan/Documents/dsc106/lab/style.css,113,css,b3ca347,sohan-shingade,2026-04-10,15:36:16,-07:00,2026-04-10T15:36:16-07:00,1,18
/Users/sohan/Documents/dsc106/lab/style.css,114,css,b3ca347,sohan-shingade,2026-04-10,15:36:16,-07:00,2026-04-10T15:36:16-07:00,0,0
/Users/sohan/Documents/dsc106/lab/style.css,115,css,b3ca347,sohan-shingade,2026-04-10,15:36:16,-07:00,2026-04-10T15:36:16-07:00,0,0
/Users/sohan/Documents/dsc106/lab/style.css,116,css,b3ca347,sohan-shingade,2026-04-10,15:36:16,-07:00,2026-04-10T15:36:16-07:00,0,17
/Users/sohan/Documents/dsc106/lab/style.css,117,css,b3ca347,sohan-shingade,2026-04-10,15:36:16,-07:00,2026-04-10T15:36:16-07:00,0,9
/Users/sohan/Documents/dsc106/lab/style.css,118,css,b3ca347,sohan-shingade,2026-04-10,15:36:16,-07:00,2026-04-10T15:36:16-07:00,1,12
/Users/sohan/Documents/dsc106/lab/style.css,119,css,b3ca347,sohan-shingade,2026-04-10,15:36:16,-07:00,2026-04-10T15:36:16-07:00,1,58
/Users/sohan/Documents/dsc106/lab/style.css,120,css,b3ca347,sohan-shingade,2026-04-10,15:36:16,-07:00,2026-04-10T15:36:16-07:00,1,7
/Users/sohan/Documents/dsc106/lab/style.css,121,css,b3ca347,sohan-shingade,2026-04-10,15:36:16,-07:00,2026-04-10T15:36:16-07:00,0,0
/Users/sohan/Documents/dsc106/lab/style.css,122,css,b3ca347,sohan-shingade,2026-04-10,15:36:16,-07:00,2026-04-10T15:36:16-07:00,0,0
/Users/sohan/Documents/dsc106/lab/style.css,123,css,b3ca347,sohan-shingade,2026-04-10,15:36:16,-07:00,2026-04-10T15:36:16-07:00,0,17
/Users/sohan/Documents/dsc106/lab/style.css,124,css,b3ca347,sohan-shingade,2026-04-10,15:36:16,-07:00,2026-04-10T15:36:16-07:00,1,12
/Users/sohan/Documents/dsc106/lab/style.css,125,css,b3ca347,sohan-shingade,2026-04-10,15:36:16,-07:00,2026-04-10T15:36:16-07:00,1,26
/Users/sohan/Documents/dsc106/lab/style.css,126,css,b3ca347,sohan-shingade,2026-04-10,15:36:16,-07:00,2026-04-10T15:36:16-07:00,1,15
/Users/sohan/Documents/dsc106/lab/style.css,127,css,b3ca347,sohan-shingade,2026-04-10,15:36:16,-07:00,2026-04-10T15:36:16-07:00,1,9
/Users/sohan/Documents/dsc106/lab/style.css,128,css,b3ca347,sohan-shingade,2026-04-10,15:36:16,-07:00,2026-04-10T15:36:16-07:00,0,0
/Users/sohan/Documents/dsc106/lab/style.css,129,css,b3ca347,sohan-shingade,2026-04-10,15:36:16,-07:00,2026-04-10T15:36:16-07:00,0,0
/Users/sohan/Documents/dsc106/lab/style.css,130,css,b3ca347,sohan-shingade,2026-04-10,15:36:16,-07:00,2026-04-10T15:36:16-07:00,0,20
/Users/sohan/Documents/dsc106/lab/style.css,131,css,b3ca347,sohan-shingade,2026-04-10,15:36:16,-07:00,2026-04-10T15:36:16-07:00,1,8
/Users/sohan/Documents/dsc106/lab/style.css,132,css,b3ca347,sohan-shingade,2026-04-10,15:36:16,-07:00,2026-04-10T15:36:16-07:00,0,0
/Users/sohan/Documents/dsc106/lab/style.css,133,css,b3ca347,sohan-shingade,2026-04-10,15:36:16,-07:00,2026-04-10T15:36:16-07:00,0,0
/Users/sohan/Documents/dsc106/lab/style.css,134,css,b3ca347,sohan-shingade,2026-04-10,15:36:16,-07:00,2026-04-10T15:36:16-07:00,0,21
/Users/sohan/Documents/dsc106/lab/style.css,135,css,b3ca347,sohan-shingade,2026-04-10,15:36:16,-07:00,2026-04-10T15:36:16-07:00,1,10
/Users/sohan/Documents/dsc106/lab/style.css,136,css,b3ca347,sohan-shingade,2026-04-10,15:36:16,-07:00,2026-04-10T15:36:16-07:00,0,0
/Users/sohan/Documents/dsc106/lab/style.css,137,css,b3ca347,sohan-shingade,2026-04-10,15:36:16,-07:00,2026-04-10T15:36:16-07:00,0,0
/Users/sohan/Documents/dsc106/lab/style.css,138,css,0e5131b5,sohan-shingade,2026-04-24,21:01:10,-07:00,2026-04-24T21:01:10-07:00,0,31
/Users/sohan/Documents/dsc106/lab/style.css,139,css,0e5131b5,sohan-shingade,2026-04-24,21:01:10,-07:00,2026-04-24T21:01:10-07:00,1,12
/Users/sohan/Documents/dsc106/lab/style.css,140,css,0e5131b5,sohan-shingade,2026-04-24,21:01:10,-07:00,2026-04-24T21:01:10-07:00,1,21
/Users/sohan/Documents/dsc106/lab/style.css,141,css,0e5131b5,sohan-shingade,2026-04-24,21:01:10,-07:00,2026-04-24T21:01:10-07:00,1,10
/Users/sohan/Documents/dsc106/lab/style.css,142,css,0e5131b5,sohan-shingade,2026-04-24,21:01:10,-07:00,2026-04-24T21:01:10-07:00,0,0
/Users/sohan/Documents/dsc106/lab/style.css,143,css,0e5131b5,sohan-shingade,2026-04-24,21:01:10,-07:00,2026-04-24T21:01:10-07:00,0,0
/Users/sohan/Documents/dsc106/lab/style.css,144,css,0e5131b5,sohan-shingade,2026-04-24,21:01:10,-07:00,2026-04-24T21:01:10-07:00,0,33
/Users/sohan/Documents/dsc106/lab/style.css,145,css,0e5131b5,sohan-shingade,2026-04-24,21:01:10,-07:00,2026-04-24T21:01:10-07:00,1,8
/Users/sohan/Documents/dsc106/lab/style.css,146,css,0e5131b5,sohan-shingade,2026-04-24,21:01:10,-07:00,2026-04-24T21:01:10-07:00,0,0
/Users/sohan/Documents/dsc106/lab/style.css,147,css,0e5131b5,sohan-shingade,2026-04-24,21:01:10,-07:00,2026-04-24T21:01:10-07:00,0,0
/Users/sohan/Documents/dsc106/lab/style.css,148,css,0e5131b5,sohan-shingade,2026-04-24,21:01:10,-07:00,2026-04-24T21:01:10-07:00,0,13
/Users/sohan/Documents/dsc106/lab/style.css,149,css,0e5131b5,sohan-shingade,2026-04-24,21:01:10,-07:00,2026-04-24T21:01:10-07:00,1,34
/Users/sohan/Documents/dsc106/lab/style.css,150,css,0e5131b5,sohan-shingade,2026-04-24,21:01:10,-07:00,2026-04-24T21:01:10-07:00,1,49
/Users/sohan/Documents/dsc106/lab/style.css,151,css,0e5131b5,sohan-shingade,2026-04-24,21:01:10,-07:00,2026-04-24T21:01:10-07:00,1,13
/Users/sohan/Documents/dsc106/lab/style.css,152,css,0e5131b5,sohan-shingade,2026-04-24,21:01:10,-07:00,2026-04-24T21:01:10-07:00,0,0
/Users/sohan/Documents/dsc106/lab/style.css,153,css,0e5131b5,sohan-shingade,2026-04-24,21:01:10,-07:00,2026-04-24T21:01:10-07:00,0,0
/Users/sohan/Documents/dsc106/lab/style.css,154,css,0e5131b5,sohan-shingade,2026-04-24,21:01:10,-07:00,2026-04-24T21:01:10-07:00,0,24
/Users/sohan/Documents/dsc106/lab/style.css,155,css,0e5131b5,sohan-shingade,2026-04-24,21:01:10,-07:00,2026-04-24T21:01:10-07:00,0,14
/Users/sohan/Documents/dsc106/lab/style.css,156,css,0e5131b5,sohan-shingade,2026-04-24,21:01:10,-07:00,2026-04-24T21:01:10-07:00,1,17
/Users/sohan/Documents/dsc106/lab/style.css,157,css,0e5131b5,sohan-shingade,2026-04-24,21:01:10,-07:00,2026-04-24T21:01:10-07:00,0,0
/Users/sohan/Documents/dsc106/lab/style.css,158,css,0e5131b5,sohan-shingade,2026-04-24,21:01:10,-07:00,2026-04-24T21:01:10-07:00,0,0
/Users/sohan/Documents/dsc106/lab/style.css,159,css,0e5131b5,sohan-shingade,2026-04-24,21:01:10,-07:00,2026-04-24T21:01:10-07:00,0,17
/Users/sohan/Documents/dsc106/lab/style.css,160,css,0e5131b5,sohan-shingade,2026-04-24,21:01:10,-07:00,2026-04-24T21:01:10-07:00,1,12
/Users/sohan/Documents/dsc106/lab/style.css,161,css,0e5131b5,sohan-shingade,2026-04-24,21:01:10,-07:00,2026-04-24T21:01:10-07:00,1,36
/Users/sohan/Documents/dsc106/lab/style.css,162,css,0e5131b5,sohan-shingade,2026-04-24,21:01:10,-07:00,2026-04-24T21:01:10-07:00,1,14
/Users/sohan/Documents/dsc106/lab/style.css,163,css,0e5131b5,sohan-shingade,2026-04-24,21:01:10,-07:00,2026-04-24T21:01:10-07:00,1,8
/Users/sohan/Documents/dsc106/lab/style.css,164,css,0e5131b5,sohan-shingade,2026-04-24,21:01:10,-07:00,2026-04-24T21:01:10-07:00,1,12
/Users/sohan/Documents/dsc106/lab/style.css,165,css,0e5131b5,sohan-shingade,2026-04-24,21:01:10,-07:00,2026-04-24T21:01:10-07:00,1,60
/Users/sohan/Documents/dsc106/lab/style.css,166,css,0e5131b5,sohan-shingade,2026-04-24,21:01:10,-07:00,2026-04-24T21:01:10-07:00,1,17
/Users/sohan/Documents/dsc106/lab/style.css,167,css,0e5131b5,sohan-shingade,2026-04-24,21:01:10,-07:00,2026-04-24T21:01:10-07:00,0,0
/Users/sohan/Documents/dsc106/lab/style.css,168,css,0e5131b5,sohan-shingade,2026-04-24,21:01:10,-07:00,2026-04-24T21:01:10-07:00,0,0
/Users/sohan/Documents/dsc106/lab/style.css,169,css,0e5131b5,sohan-shingade,2026-04-24,21:01:10,-07:00,2026-04-24T21:01:10-07:00,0,17
/Users/sohan/Documents/dsc106/lab/style.css,170,css,0e5131b5,sohan-shingade,2026-04-24,21:01:10,-07:00,2026-04-24T21:01:10-07:00,1,10
/Users/sohan/Documents/dsc106/lab/style.css,171,css,0e5131b5,sohan-shingade,2026-04-24,21:01:10,-07:00,2026-04-24T21:01:10-07:00,1,13
/Users/sohan/Documents/dsc106/lab/style.css,172,css,0e5131b5,sohan-shingade,2026-04-24,21:01:10,-07:00,2026-04-24T21:01:10-07:00,1,24
/Users/sohan/Documents/dsc106/lab/style.css,173,css,0e5131b5,sohan-shingade,2026-04-24,21:01:10,-07:00,2026-04-24T21:01:10-07:00,1,21
/Users/sohan/Documents/dsc106/lab/style.css,174,css,0e5131b5,sohan-shingade,2026-04-24,21:01:10,-07:00,2026-04-24T21:01:10-07:00,1,49
/Users/sohan/Documents/dsc106/lab/style.css,175,css,0e5131b5,sohan-shingade,2026-04-24,21:01:10,-07:00,2026-04-24T21:01:10-07:00,0,0
/Users/sohan/Documents/dsc106/lab/style.css,176,css,0e5131b5,sohan-shingade,2026-04-24,21:01:10,-07:00,2026-04-24T21:01:10-07:00,0,0
/Users/sohan/Documents/dsc106/lab/style.css,177,css,0e5131b5,sohan-shingade,2026-04-24,21:01:10,-07:00,2026-04-24T21:01:10-07:00,0,17
/Users/sohan/Documents/dsc106/lab/style.css,178,css,0e5131b5,sohan-shingade,2026-04-24,21:01:10,-07:00,2026-04-24T21:01:10-07:00,1,10
/Users/sohan/Documents/dsc106/lab/style.css,179,css,0e5131b5,sohan-shingade,2026-04-24,21:01:10,-07:00,2026-04-24T21:01:10-07:00,1,8
/Users/sohan/Documents/dsc106/lab/style.css,180,css,0e5131b5,sohan-shingade,2026-04-24,21:01:10,-07:00,2026-04-24T21:01:10-07:00,1,14
/Users/sohan/Documents/dsc106/lab/style.css,181,css,0e5131b5,sohan-shingade,2026-04-24,21:01:10,-07:00,2026-04-24T21:01:10-07:00,1,15
/Users/sohan/Documents/dsc106/lab/style.css,182,css,0e5131b5,sohan-shingade,2026-04-24,21:01:10,-07:00,2026-04-24T21:01:10-07:00,0,0
/Users/sohan/Documents/dsc106/lab/style.css,183,css,0e5131b5,sohan-shingade,2026-04-24,21:01:10,-07:00,2026-04-24T21:01:10-07:00,0,0
/Users/sohan/Documents/dsc106/lab/style.css,184,css,b3ca347,sohan-shingade,2026-04-10,15:36:16,-07:00,2026-04-10T15:36:16-07:00,0,19
/Users/sohan/Documents/dsc106/lab/style.css,185,css,b3ca347,sohan-shingade,2026-04-10,15:36:16,-07:00,2026-04-10T15:36:16-07:00,0,7
/Users/sohan/Documents/dsc106/lab/style.css,186,css,b3ca347,sohan-shingade,2026-04-10,15:36:16,-07:00,2026-04-10T15:36:16-07:00,1,18
/Users/sohan/Documents/dsc106/lab/style.css,187,css,b3ca347,sohan-shingade,2026-04-10,15:36:16,-07:00,2026-04-10T15:36:16-07:00,0,0
/Users/sohan/Documents/dsc106/lab/style.css,188,css,b3ca347,sohan-shingade,2026-04-10,15:36:16,-07:00,2026-04-10T15:36:16-07:00,0,0
/Users/sohan/Documents/dsc106/lab/style.css,189,css,b3ca347,sohan-shingade,2026-04-10,15:36:16,-07:00,2026-04-10T15:36:16-07:00,0,7
/Users/sohan/Documents/dsc106/lab/style.css,190,css,b3ca347,sohan-shingade,2026-04-10,15:36:16,-07:00,2026-04-10T15:36:16-07:00,1,18
/Users/sohan/Documents/dsc106/lab/style.css,191,css,b3ca347,sohan-shingade,2026-04-10,15:36:16,-07:00,2026-04-10T15:36:16-07:00,0,0
/Users/sohan/Documents/dsc106/lab/style.css,192,css,b3ca347,sohan-shingade,2026-04-10,15:36:16,-07:00,2026-04-10T15:36:16-07:00,0,0
/Users/sohan/Documents/dsc106/lab/style.css,193,css,b3ca347,sohan-shingade,2026-04-10,15:36:16,-07:00,2026-04-10T15:36:16-07:00,0,9
/Users/sohan/Documents/dsc106/lab/style.css,194,css,b3ca347,sohan-shingade,2026-04-10,15:36:16,-07:00,2026-04-10T15:36:16-07:00,0,5
/Users/sohan/Documents/dsc106/lab/style.css,195,css,b3ca347,sohan-shingade,2026-04-10,15:36:16,-07:00,2026-04-10T15:36:16-07:00,1,24
/Users/sohan/Documents/dsc106/lab/style.css,196,css,b3ca347,sohan-shingade,2026-04-10,15:36:16,-07:00,2026-04-10T15:36:16-07:00,1,10
/Users/sohan/Documents/dsc106/lab/style.css,197,css,b3ca347,sohan-shingade,2026-04-10,15:36:16,-07:00,2026-04-10T15:36:16-07:00,0,0
/Users/sohan/Documents/dsc106/lab/style.css,198,css,b3ca347,sohan-shingade,2026-04-10,15:36:16,-07:00,2026-04-10T15:36:16-07:00,0,0
/Users/sohan/Documents/dsc106/lab/style.css,199,css,b3ca347,sohan-shingade,2026-04-10,15:36:16,-07:00,2026-04-10T15:36:16-07:00,0,6
/Users/sohan/Documents/dsc106/lab/style.css,200,css,b3ca347,sohan-shingade,2026-04-10,15:36:16,-07:00,2026-04-10T15:36:16-07:00,1,15
/Users/sohan/Documents/dsc106/lab/style.css,201,css,b3ca347,sohan-shingade,2026-04-10,15:36:16,-07:00,2026-04-10T15:36:16-07:00,1,14
/Users/sohan/Documents/dsc106/lab/style.css,202,css,b3ca347,sohan-shingade,2026-04-10,15:36:16,-07:00,2026-04-10T15:36:16-07:00,1,28
/Users/sohan/Documents/dsc106/lab/style.css,203,css,b3ca347,sohan-shingade,2026-04-10,15:36:16,-07:00,2026-04-10T15:36:16-07:00,0,0
/Users/sohan/Documents/dsc106/lab/index.js,1,js,0e5131b5,sohan-shingade,2026-04-24,21:01:10,-07:00,2026-04-24T21:01:10-07:00,0,71
/Users/sohan/Documents/dsc106/lab/index.js,2,js,0e5131b5,sohan-shingade,2026-04-24,21:01:10,-07:00,2026-04-24T21:01:10-07:00,0,0
/Users/sohan/Documents/dsc106/lab/index.js,3,js,0e5131b5,sohan-shingade,2026-04-24,21:01:10,-07:00,2026-04-24T21:01:10-07:00,0,54
/Users/sohan/Documents/dsc106/lab/index.js,4,js,0e5131b5,sohan-shingade,2026-04-24,21:01:10,-07:00,2026-04-24T21:01:10-07:00,0,34
/Users/sohan/Documents/dsc106/lab/index.js,5,js,0e5131b5,sohan-shingade,2026-04-24,21:01:10,-07:00,2026-04-24T21:01:10-07:00,0,0
/Users/sohan/Documents/dsc106/lab/index.js,6,js,0e5131b5,sohan-shingade,2026-04-24,21:01:10,-07:00,2026-04-24T21:01:10-07:00,0,60
/Users/sohan/Documents/dsc106/lab/index.js,7,js,0e5131b5,sohan-shingade,2026-04-24,21:01:10,-07:00,2026-04-24T21:01:10-07:00,0,46
/Users/sohan/Documents/dsc106/lab/index.js,8,js,0e5131b5,sohan-shingade,2026-04-24,21:01:10,-07:00,2026-04-24T21:01:10-07:00,0,0
/Users/sohan/Documents/dsc106/lab/index.js,9,js,0e5131b5,sohan-shingade,2026-04-24,21:01:10,-07:00,2026-04-24T21:01:10-07:00,0,60
/Users/sohan/Documents/dsc106/lab/index.js,10,js,0e5131b5,sohan-shingade,2026-04-24,21:01:10,-07:00,2026-04-24T21:01:10-07:00,0,17
/Users/sohan/Documents/dsc106/lab/index.js,11,js,0e5131b5,sohan-shingade,2026-04-24,21:01:10,-07:00,2026-04-24T21:01:10-07:00,1,3
/Users/sohan/Documents/dsc106/lab/index.js,12,js,0e5131b5,sohan-shingade,2026-04-24,21:01:10,-07:00,2026-04-24T21:01:10-07:00,2,57
/Users/sohan/Documents/dsc106/lab/index.js,13,js,0e5131b5,sohan-shingade,2026-04-24,21:01:10,-07:00,2026-04-24T21:01:10-07:00,2,24
/Users/sohan/Documents/dsc106/lab/index.js,14,js,0e5131b5,sohan-shingade,2026-04-24,21:01:10,-07:00,2026-04-24T21:01:10-07:00,3,2
/Users/sohan/Documents/dsc106/lab/index.js,15,js,0e5131b5,sohan-shingade,2026-04-24,21:01:10,-07:00,2026-04-24T21:01:10-07:00,4,54
/Users/sohan/Documents/dsc106/lab/index.js,16,js,0e5131b5,sohan-shingade,2026-04-24,21:01:10,-07:00,2026-04-24T21:01:10-07:00,4,54
/Users/sohan/Documents/dsc106/lab/index.js,17,js,0e5131b5,sohan-shingade,2026-04-24,21:01:10,-07:00,2026-04-24T21:01:10-07:00,4,48
/Users/sohan/Documents/dsc106/lab/index.js,18,js,0e5131b5,sohan-shingade,2026-04-24,21:01:10,-07:00,2026-04-24T21:01:10-07:00,4,48
/Users/sohan/Documents/dsc106/lab/index.js,19,js,0e5131b5,sohan-shingade,2026-04-24,21:01:10,-07:00,2026-04-24T21:01:10-07:00,3,3
/Users/sohan/Documents/dsc106/lab/index.js,20,js,0e5131b5,sohan-shingade,2026-04-24,21:01:10,-07:00,2026-04-24T21:01:10-07:00,2,0
/Users/sohan/Documents/dsc106/lab/index.js,21,js,0e5131b5,sohan-shingade,2026-04-24,21:01:10,-07:00,2026-04-24T21:01:10-07:00,1,15
/Users/sohan/Documents/dsc106/lab/index.js,22,js,0e5131b5,sohan-shingade,2026-04-24,21:01:10,-07:00,2026-04-24T21:01:10-07:00,2,56
/Users/sohan/Documents/dsc106/lab/index.js,23,js,0e5131b5,sohan-shingade,2026-04-24,21:01:10,-07:00,2026-04-24T21:01:10-07:00,1,0
/Users/sohan/Documents/dsc106/lab/index.js,24,js,0e5131b5,sohan-shingade,2026-04-24,21:01:10,-07:00,2026-04-24T21:01:10-07:00,0,0
/Users/sohan/Documents/dsc106/lab/index.html,1,html,b3ca347,sohan-shingade,2026-04-10,15:36:16,-07:00,2026-04-10T15:36:16-07:00,0,13
/Users/sohan/Documents/dsc106/lab/index.html,2,html,b3ca347,sohan-shingade,2026-04-10,15:36:16,-07:00,2026-04-10T15:36:16-07:00,0,14
/Users/sohan/Documents/dsc106/lab/index.html,3,html,b3ca347,sohan-shingade,2026-04-10,15:36:16,-07:00,2026-04-10T15:36:16-07:00,0,4
/Users/sohan/Documents/dsc106/lab/index.html,4,html,b3ca347,sohan-shingade,2026-04-10,15:36:16,-07:00,2026-04-10T15:36:16-07:00,1,20
/Users/sohan/Documents/dsc106/lab/index.html,5,html,b3ca347,sohan-shingade,2026-04-10,15:36:16,-07:00,2026-04-10T15:36:16-07:00,1,68
/Users/sohan/Documents/dsc106/lab/index.html,6,html,b3ca347,sohan-shingade,2026-04-10,15:36:16,-07:00,2026-04-10T15:36:16-07:00,1,56
/Users/sohan/Documents/dsc106/lab/index.html,7,html,b3ca347,sohan-shingade,2026-04-10,15:36:16,-07:00,2026-04-10T15:36:16-07:00,1,38
/Users/sohan/Documents/dsc106/lab/index.html,8,html,e99309d0,sohan-shingade,2026-04-17,16:54:18,-07:00,2026-04-17T16:54:18-07:00,1,45
/Users/sohan/Documents/dsc106/lab/index.html,9,html,0e5131b5,sohan-shingade,2026-04-24,21:01:10,-07:00,2026-04-24T21:01:10-07:00,1,50
/Users/sohan/Documents/dsc106/lab/index.html,10,html,b3ca347,sohan-shingade,2026-04-10,15:36:16,-07:00,2026-04-10T15:36:16-07:00,0,5
/Users/sohan/Documents/dsc106/lab/index.html,11,html,b3ca347,sohan-shingade,2026-04-10,15:36:16,-07:00,2026-04-10T15:36:16-07:00,0,4
/Users/sohan/Documents/dsc106/lab/index.html,12,html,b3ca347,sohan-shingade,2026-04-10,15:36:16,-07:00,2026-04-10T15:36:16-07:00,1,21
/Users/sohan/Documents/dsc106/lab/index.html,13,html,b3ca347,sohan-shingade,2026-04-10,15:36:16,-07:00,2026-04-10T15:36:16-07:00,0,0
/Users/sohan/Documents/dsc106/lab/index.html,14,html,b3ca347,sohan-shingade,2026-04-10,15:36:16,-07:00,2026-04-10T15:36:16-07:00,1,70
/Users/sohan/Documents/dsc106/lab/index.html,15,html,b3ca347,sohan-shingade,2026-04-10,15:36:16,-07:00,2026-04-10T15:36:16-07:00,0,0
/Users/sohan/Documents/dsc106/lab/index.html,16,html,b3ca347,sohan-shingade,2026-04-10,15:36:16,-07:00,2026-04-10T15:36:16-07:00,1,1
/Users/sohan/Documents/dsc106/lab/index.html,17,html,0e5131b5,sohan-shingade,2026-04-24,21:01:10,-07:00,2026-04-24T21:01:10-07:00,2,73
/Users/sohan/Documents/dsc106/lab/index.html,18,html,b3ca347,sohan-shingade,2026-04-10,15:36:16,-07:00,2026-04-10T15:36:16-07:00,2,69
/Users/sohan/Documents/dsc106/lab/index.html,19,html,b3ca347,sohan-shingade,2026-04-10,15:36:16,-07:00,2026-04-10T15:36:16-07:00,2,74
/Users/sohan/Documents/dsc106/lab/index.html,20,html,b3ca347,sohan-shingade,2026-04-10,15:36:16,-07:00,2026-04-10T15:36:16-07:00,2,49
/Users/sohan/Documents/dsc106/lab/index.html,21,html,b3ca347,sohan-shingade,2026-04-10,15:36:16,-07:00,2026-04-10T15:36:16-07:00,1,2
/Users/sohan/Documents/dsc106/lab/index.html,22,html,b3ca347,sohan-shingade,2026-04-10,15:36:16,-07:00,2026-04-10T15:36:16-07:00,0,0
/Users/sohan/Documents/dsc106/lab/index.html,23,html,b3ca347,sohan-shingade,2026-04-10,15:36:16,-07:00,2026-04-10T15:36:16-07:00,1,1
/Users/sohan/Documents/dsc106/lab/index.html,24,html,cab6efbc,sohan-shingade,2026-04-10,17:52:16,-07:00,2026-04-10T17:52:16-07:00,2,88
/Users/sohan/Documents/dsc106/lab/index.html,25,html,b3ca347,sohan-shingade,2026-04-10,15:36:16,-07:00,2026-04-10T15:36:16-07:00,2,64
/Users/sohan/Documents/dsc106/lab/index.html,26,html,b3ca347,sohan-shingade,2026-04-10,15:36:16,-07:00,2026-04-10T15:36:16-07:00,1,2
/Users/sohan/Documents/dsc106/lab/index.html,27,html,0e5131b5,sohan-shingade,2026-04-24,21:01:10,-07:00,2026-04-24T21:01:10-07:00,0,0
/Users/sohan/Documents/dsc106/lab/index.html,28,html,0e5131b5,sohan-shingade,2026-04-24,21:01:10,-07:00,2026-04-24T21:01:10-07:00,1,27
/Users/sohan/Documents/dsc106/lab/index.html,29,html,0e5131b5,sohan-shingade,2026-04-24,21:01:10,-07:00,2026-04-24T21:01:10-07:00,2,21
/Users/sohan/Documents/dsc106/lab/index.html,30,html,0e5131b5,sohan-shingade,2026-04-24,21:01:10,-07:00,2026-04-24T21:01:10-07:00,2,56
/Users/sohan/Documents/dsc106/lab/index.html,31,html,0e5131b5,sohan-shingade,2026-04-24,21:01:10,-07:00,2026-04-24T21:01:10-07:00,1,8
/Users/sohan/Documents/dsc106/lab/index.html,32,html,0e5131b5,sohan-shingade,2026-04-24,21:01:10,-07:00,2026-04-24T21:01:10-07:00,0,0
/Users/sohan/Documents/dsc106/lab/index.html,33,html,0e5131b5,sohan-shingade,2026-04-24,21:01:10,-07:00,2026-04-24T21:01:10-07:00,1,28
/Users/sohan/Documents/dsc106/lab/index.html,34,html,0e5131b5,sohan-shingade,2026-04-24,21:01:10,-07:00,2026-04-24T21:01:10-07:00,2,22
/Users/sohan/Documents/dsc106/lab/index.html,35,html,0e5131b5,sohan-shingade,2026-04-24,21:01:10,-07:00,2026-04-24T21:01:10-07:00,2,26
/Users/sohan/Documents/dsc106/lab/index.html,36,html,0e5131b5,sohan-shingade,2026-04-24,21:01:10,-07:00,2026-04-24T21:01:10-07:00,1,8
/Users/sohan/Documents/dsc106/lab/index.html,37,html,b3ca347,sohan-shingade,2026-04-10,15:36:16,-07:00,2026-04-10T15:36:16-07:00,0,5
/Users/sohan/Documents/dsc106/lab/index.html,38,html,b3ca347,sohan-shingade,2026-04-10,15:36:16,-07:00,2026-04-10T15:36:16-07:00,0,5
/Users/sohan/Documents/dsc106/lab/global.js,1,js,e99309d0,sohan-shingade,2026-04-17,16:54:18,-07:00,2026-04-17T16:54:18-07:00,0,30
/Users/sohan/Documents/dsc106/lab/global.js,2,js,e99309d0,sohan-shingade,2026-04-17,16:54:18,-07:00,2026-04-17T16:54:18-07:00,0,0
/Users/sohan/Documents/dsc106/lab/global.js,3,js,e99309d0,sohan-shingade,2026-04-17,16:54:18,-07:00,2026-04-17T16:54:18-07:00,0,41
/Users/sohan/Documents/dsc106/lab/global.js,4,js,e99309d0,sohan-shingade,2026-04-17,16:54:18,-07:00,2026-04-17T16:54:18-07:00,1,52
/Users/sohan/Documents/dsc106/lab/global.js,5,js,e99309d0,sohan-shingade,2026-04-17,16:54:18,-07:00,2026-04-17T16:54:18-07:00,0,0
/Users/sohan/Documents/dsc106/lab/global.js,6,js,e99309d0,sohan-shingade,2026-04-17,16:54:18,-07:00,2026-04-17T16:54:18-07:00,0,0
/Users/sohan/Documents/dsc106/lab/global.js,7,js,e99309d0,sohan-shingade,2026-04-17,16:54:18,-07:00,2026-04-17T16:54:18-07:00,0,15
/Users/sohan/Documents/dsc106/lab/global.js,8,js,e99309d0,sohan-shingade,2026-04-17,16:54:18,-07:00,2026-04-17T16:54:18-07:00,1,68
/Users/sohan/Documents/dsc106/lab/global.js,9,js,e99309d0,sohan-shingade,2026-04-17,16:54:18,-07:00,2026-04-17T16:54:18-07:00,2,3
/Users/sohan/Documents/dsc106/lab/global.js,10,js,e99309d0,sohan-shingade,2026-04-17,16:54:18,-07:00,2026-04-17T16:54:18-07:00,2,21
/Users/sohan/Documents/dsc106/lab/global.js,11,js,e99309d0,sohan-shingade,2026-04-17,16:54:18,-07:00,2026-04-17T16:54:18-07:00,0,0
/Users/sohan/Documents/dsc106/lab/global.js,12,js,e99309d0,sohan-shingade,2026-04-17,16:54:18,-07:00,2026-04-17T16:54:18-07:00,0,13
/Users/sohan/Documents/dsc106/lab/global.js,13,js,e99309d0,sohan-shingade,2026-04-17,16:54:18,-07:00,2026-04-17T16:54:18-07:00,1,25
/Users/sohan/Documents/dsc106/lab/global.js,14,js,e99309d0,sohan-shingade,2026-04-17,16:54:18,-07:00,2026-04-17T16:54:18-07:00,1,38
/Users/sohan/Documents/dsc106/lab/global.js,15,js,e99309d0,sohan-shingade,2026-04-17,16:54:18,-07:00,2026-04-17T16:54:18-07:00,1,34
/Users/sohan/Documents/dsc106/lab/global.js,16,js,e99309d0,sohan-shingade,2026-04-17,16:54:18,-07:00,2026-04-17T16:54:18-07:00,1,36
/Users/sohan/Documents/dsc106/lab/global.js,17,js,e99309d0,sohan-shingade,2026-04-17,16:54:18,-07:00,2026-04-17T16:54:18-07:00,1,60
/Users/sohan/Documents/dsc106/lab/global.js,18,js,e99309d0,sohan-shingade,2026-04-17,16:54:18,-07:00,2026-04-17T16:54:18-07:00,0,0
/Users/sohan/Documents/dsc106/lab/global.js,19,js,e99309d0,sohan-shingade,2026-04-17,16:54:18,-07:00,2026-04-17T16:54:18-07:00,0,0
/Users/sohan/Documents/dsc106/lab/global.js,20,js,e99309d0,sohan-shingade,2026-04-17,16:54:18,-07:00,2026-04-17T16:54:18-07:00,0,40
/Users/sohan/Documents/dsc106/lab/global.js,21,js,e99309d0,sohan-shingade,2026-04-17,16:54:18,-07:00,2026-04-17T16:54:18-07:00,0,25
/Users/sohan/Documents/dsc106/lab/global.js,22,js,e99309d0,sohan-shingade,2026-04-17,16:54:18,-07:00,2026-04-17T16:54:18-07:00,0,0
/Users/sohan/Documents/dsc106/lab/global.js,23,js,e99309d0,sohan-shingade,2026-04-17,16:54:18,-07:00,2026-04-17T16:54:18-07:00,0,22
/Users/sohan/Documents/dsc106/lab/global.js,24,js,e99309d0,sohan-shingade,2026-04-17,16:54:18,-07:00,2026-04-17T16:54:18-07:00,1,14
/Users/sohan/Documents/dsc106/lab/global.js,25,js,e99309d0,sohan-shingade,2026-04-17,16:54:18,-07:00,2026-04-17T16:54:18-07:00,1,49
/Users/sohan/Documents/dsc106/lab/global.js,26,js,e99309d0,sohan-shingade,2026-04-17,16:54:18,-07:00,2026-04-17T16:54:18-07:00,0,0
/Users/sohan/Documents/dsc106/lab/global.js,27,js,e99309d0,sohan-shingade,2026-04-17,16:54:18,-07:00,2026-04-17T16:54:18-07:00,1,36
/Users/sohan/Documents/dsc106/lab/global.js,28,js,e99309d0,sohan-shingade,2026-04-17,16:54:18,-07:00,2026-04-17T16:54:18-07:00,1,11
/Users/sohan/Documents/dsc106/lab/global.js,29,js,e99309d0,sohan-shingade,2026-04-17,16:54:18,-07:00,2026-04-17T16:54:18-07:00,1,22
/Users/sohan/Documents/dsc106/lab/global.js,30,js,e99309d0,sohan-shingade,2026-04-17,16:54:18,-07:00,2026-04-17T16:54:18-07:00,0,0
/Users/sohan/Documents/dsc106/lab/global.js,31,js,e99309d0,sohan-shingade,2026-04-17,16:54:18,-07:00,2026-04-17T16:54:18-07:00,1,17
/Users/sohan/Documents/dsc106/lab/global.js,32,js,e99309d0,sohan-shingade,2026-04-17,16:54:18,-07:00,2026-04-17T16:54:18-07:00,2,8
/Users/sohan/Documents/dsc106/lab/global.js,33,js,e99309d0,sohan-shingade,2026-04-17,16:54:18,-07:00,2026-04-17T16:54:18-07:00,2,59
/Users/sohan/Documents/dsc106/lab/global.js,34,js,e99309d0,sohan-shingade,2026-04-17,16:54:18,-07:00,2026-04-17T16:54:18-07:00,1,0
/Users/sohan/Documents/dsc106/lab/global.js,35,js,e99309d0,sohan-shingade,2026-04-17,16:54:18,-07:00,2026-04-17T16:54:18-07:00,0,0
/Users/sohan/Documents/dsc106/lab/global.js,36,js,e99309d0,sohan-shingade,2026-04-17,16:54:18,-07:00,2026-04-17T16:54:18-07:00,1,29
/Users/sohan/Documents/dsc106/lab/global.js,37,js,e99309d0,sohan-shingade,2026-04-17,16:54:18,-07:00,2026-04-17T16:54:18-07:00,2,18
/Users/sohan/Documents/dsc106/lab/global.js,38,js,e99309d0,sohan-shingade,2026-04-17,16:54:18,-07:00,2026-04-17T16:54:18-07:00,1,0
/Users/sohan/Documents/dsc106/lab/global.js,39,js,e99309d0,sohan-shingade,2026-04-17,16:54:18,-07:00,2026-04-17T16:54:18-07:00,0,0
/Users/sohan/Documents/dsc106/lab/global.js,40,js,e99309d0,sohan-shingade,2026-04-17,16:54:18,-07:00,2026-04-17T16:54:18-07:00,1,12
/Users/sohan/Documents/dsc106/lab/global.js,41,js,e99309d0,sohan-shingade,2026-04-17,16:54:18,-07:00,2026-04-17T16:54:18-07:00,0,0
/Users/sohan/Documents/dsc106/lab/global.js,42,js,e99309d0,sohan-shingade,2026-04-17,16:54:18,-07:00,2026-04-17T16:54:18-07:00,0,0
/Users/sohan/Documents/dsc106/lab/global.js,43,js,e99309d0,sohan-shingade,2026-04-17,16:54:18,-07:00,2026-04-17T16:54:18-07:00,0,31
/Users/sohan/Documents/dsc106/lab/global.js,44,js,e99309d0,sohan-shingade,2026-04-17,16:54:18,-07:00,2026-04-17T16:54:18-07:00,1,11
/Users/sohan/Documents/dsc106/lab/global.js,45,js,e99309d0,sohan-shingade,2026-04-17,16:54:18,-07:00,2026-04-17T16:54:18-07:00,1,0
/Users/sohan/Documents/dsc106/lab/global.js,46,js,e99309d0,sohan-shingade,2026-04-17,16:54:18,-07:00,2026-04-17T16:54:18-07:00,1,26
/Users/sohan/Documents/dsc106/lab/global.js,47,js,e99309d0,sohan-shingade,2026-04-17,16:54:18,-07:00,2026-04-17T16:54:18-07:00,2,4
/Users/sohan/Documents/dsc106/lab/global.js,48,js,e99309d0,sohan-shingade,2026-04-17,16:54:18,-07:00,2026-04-17T16:54:18-07:00,2,6
/Users/sohan/Documents/dsc106/lab/global.js,49,js,e99309d0,sohan-shingade,2026-04-17,16:54:18,-07:00,2026-04-17T16:54:18-07:00,3,43
/Users/sohan/Documents/dsc106/lab/global.js,50,js,e99309d0,sohan-shingade,2026-04-17,16:54:18,-07:00,2026-04-17T16:54:18-07:00,3,34
/Users/sohan/Documents/dsc106/lab/global.js,51,js,e99309d0,sohan-shingade,2026-04-17,16:54:18,-07:00,2026-04-17T16:54:18-07:00,3,32
/Users/sohan/Documents/dsc106/lab/global.js,52,js,e99309d0,sohan-shingade,2026-04-17,16:54:18,-07:00,2026-04-17T16:54:18-07:00,2,7
/Users/sohan/Documents/dsc106/lab/global.js,53,js,e99309d0,sohan-shingade,2026-04-17,16:54:18,-07:00,2026-04-17T16:54:18-07:00,1,6
/Users/sohan/Documents/dsc106/lab/global.js,54,js,e99309d0,sohan-shingade,2026-04-17,16:54:18,-07:00,2026-04-17T16:54:18-07:00,0,0
/Users/sohan/Documents/dsc106/lab/global.js,55,js,e99309d0,sohan-shingade,2026-04-17,16:54:18,-07:00,2026-04-17T16:54:18-07:00,0,0
/Users/sohan/Documents/dsc106/lab/global.js,56,js,e99309d0,sohan-shingade,2026-04-17,16:54:18,-07:00,2026-04-17T16:54:18-07:00,0,0
/Users/sohan/Documents/dsc106/lab/global.js,57,js,e99309d0,sohan-shingade,2026-04-17,16:54:18,-07:00,2026-04-17T16:54:18-07:00,0,60
/Users/sohan/Documents/dsc106/lab/global.js,58,js,e99309d0,sohan-shingade,2026-04-17,16:54:18,-07:00,2026-04-17T16:54:18-07:00,0,0
/Users/sohan/Documents/dsc106/lab/global.js,59,js,e99309d0,sohan-shingade,2026-04-17,16:54:18,-07:00,2026-04-17T16:54:18-07:00,0,30
/Users/sohan/Documents/dsc106/lab/global.js,60,js,e99309d0,sohan-shingade,2026-04-17,16:54:18,-07:00,2026-04-17T16:54:18-07:00,1,64
/Users/sohan/Documents/dsc106/lab/global.js,61,js,e99309d0,sohan-shingade,2026-04-17,16:54:18,-07:00,2026-04-17T16:54:18-07:00,1,19
/Users/sohan/Documents/dsc106/lab/global.js,62,js,e99309d0,sohan-shingade,2026-04-17,16:54:18,-07:00,2026-04-17T16:54:18-07:00,0,0
/Users/sohan/Documents/dsc106/lab/global.js,63,js,e99309d0,sohan-shingade,2026-04-17,16:54:18,-07:00,2026-04-17T16:54:18-07:00,0,0
/Users/sohan/Documents/dsc106/lab/global.js,64,js,e99309d0,sohan-shingade,2026-04-17,16:54:18,-07:00,2026-04-17T16:54:18-07:00,0,34
/Users/sohan/Documents/dsc106/lab/global.js,65,js,e99309d0,sohan-shingade,2026-04-17,16:54:18,-07:00,2026-04-17T16:54:18-07:00,1,39
/Users/sohan/Documents/dsc106/lab/global.js,66,js,e99309d0,sohan-shingade,2026-04-17,16:54:18,-07:00,2026-04-17T16:54:18-07:00,0,6
/Users/sohan/Documents/dsc106/lab/global.js,67,js,e99309d0,sohan-shingade,2026-04-17,16:54:18,-07:00,2026-04-17T16:54:18-07:00,1,27
/Users/sohan/Documents/dsc106/lab/global.js,68,js,e99309d0,sohan-shingade,2026-04-17,16:54:18,-07:00,2026-04-17T16:54:18-07:00,0,0
/Users/sohan/Documents/dsc106/lab/global.js,69,js,e99309d0,sohan-shingade,2026-04-17,16:54:18,-07:00,2026-04-17T16:54:18-07:00,0,0
/Users/sohan/Documents/dsc106/lab/global.js,70,js,e99309d0,sohan-shingade,2026-04-17,16:54:18,-07:00,2026-04-17T16:54:18-07:00,0,43
/Users/sohan/Documents/dsc106/lab/global.js,71,js,e99309d0,sohan-shingade,2026-04-17,16:54:18,-07:00,2026-04-17T16:54:18-07:00,1,31
/Users/sohan/Documents/dsc106/lab/global.js,72,js,e99309d0,sohan-shingade,2026-04-17,16:54:18,-07:00,2026-04-17T16:54:18-07:00,1,20
/Users/sohan/Documents/dsc106/lab/global.js,73,js,e99309d0,sohan-shingade,2026-04-17,16:54:18,-07:00,2026-04-17T16:54:18-07:00,1,31
/Users/sohan/Documents/dsc106/lab/global.js,74,js,e99309d0,sohan-shingade,2026-04-17,16:54:18,-07:00,2026-04-17T16:54:18-07:00,0,1
/Users/sohan/Documents/dsc106/lab/global.js,75,js,e99309d0,sohan-shingade,2026-04-17,16:54:18,-07:00,2026-04-17T16:54:18-07:00,0,0
/Users/sohan/Documents/dsc106/lab/global.js,76,js,e99309d0,sohan-shingade,2026-04-17,16:54:18,-07:00,2026-04-17T16:54:18-07:00,0,56
/Users/sohan/Documents/dsc106/lab/global.js,77,js,e99309d0,sohan-shingade,2026-04-17,16:54:18,-07:00,2026-04-17T16:54:18-07:00,0,43
/Users/sohan/Documents/dsc106/lab/global.js,78,js,e99309d0,sohan-shingade,2026-04-17,16:54:18,-07:00,2026-04-17T16:54:18-07:00,1,21
/Users/sohan/Documents/dsc106/lab/global.js,79,js,e99309d0,sohan-shingade,2026-04-17,16:54:18,-07:00,2026-04-17T16:54:18-07:00,1,30
/Users/sohan/Documents/dsc106/lab/global.js,80,js,e99309d0,sohan-shingade,2026-04-17,16:54:18,-07:00,2026-04-17T16:54:18-07:00,1,16
/Users/sohan/Documents/dsc106/lab/global.js,81,js,e99309d0,sohan-shingade,2026-04-17,16:54:18,-07:00,2026-04-17T16:54:18-07:00,1,33
/Users/sohan/Documents/dsc106/lab/global.js,82,js,e99309d0,sohan-shingade,2026-04-17,16:54:18,-07:00,2026-04-17T16:54:18-07:00,2,50
/Users/sohan/Documents/dsc106/lab/global.js,83,js,e99309d0,sohan-shingade,2026-04-17,16:54:18,-07:00,2026-04-17T16:54:18-07:00,1,0
/Users/sohan/Documents/dsc106/lab/global.js,84,js,e99309d0,sohan-shingade,2026-04-17,16:54:18,-07:00,2026-04-17T16:54:18-07:00,1,47
/Users/sohan/Documents/dsc106/lab/global.js,85,js,e99309d0,sohan-shingade,2026-04-17,16:54:18,-07:00,2026-04-17T16:54:18-07:00,1,18
/Users/sohan/Documents/dsc106/lab/global.js,86,js,e99309d0,sohan-shingade,2026-04-17,16:54:18,-07:00,2026-04-17T16:54:18-07:00,0,1
/Users/sohan/Documents/dsc106/lab/global.js,87,js,0e5131b5,sohan-shingade,2026-04-24,21:01:10,-07:00,2026-04-24T21:01:10-07:00,0,0
/Users/sohan/Documents/dsc106/lab/global.js,88,js,0e5131b5,sohan-shingade,2026-04-24,21:01:10,-07:00,2026-04-24T21:01:10-07:00,0,36
/Users/sohan/Documents/dsc106/lab/global.js,89,js,0e5131b5,sohan-shingade,2026-04-24,21:01:10,-07:00,2026-04-24T21:01:10-07:00,1,3
/Users/sohan/Documents/dsc106/lab/global.js,90,js,0e5131b5,sohan-shingade,2026-04-24,21:01:10,-07:00,2026-04-24T21:01:10-07:00,2,32
/Users/sohan/Documents/dsc106/lab/global.js,91,js,0e5131b5,sohan-shingade,2026-04-24,21:01:10,-07:00,2026-04-24T21:01:10-07:00,2,17
/Users/sohan/Documents/dsc106/lab/global.js,92,js,0e5131b5,sohan-shingade,2026-04-24,21:01:10,-07:00,2026-04-24T21:01:10-07:00,3,83
/Users/sohan/Documents/dsc106/lab/global.js,93,js,0e5131b5,sohan-shingade,2026-04-24,21:01:10,-07:00,2026-04-24T21:01:10-07:00,2,0
/Users/sohan/Documents/dsc106/lab/global.js,94,js,0e5131b5,sohan-shingade,2026-04-24,21:01:10,-07:00,2026-04-24T21:01:10-07:00,2,27
/Users/sohan/Documents/dsc106/lab/global.js,95,js,0e5131b5,sohan-shingade,2026-04-24,21:01:10,-07:00,2026-04-24T21:01:10-07:00,1,15
/Users/sohan/Documents/dsc106/lab/global.js,96,js,0e5131b5,sohan-shingade,2026-04-24,21:01:10,-07:00,2026-04-24T21:01:10-07:00,2,39
/Users/sohan/Documents/dsc106/lab/global.js,97,js,0e5131b5,sohan-shingade,2026-04-24,21:01:10,-07:00,2026-04-24T21:01:10-07:00,2,10
/Users/sohan/Documents/dsc106/lab/global.js,98,js,0e5131b5,sohan-shingade,2026-04-24,21:01:10,-07:00,2026-04-24T21:01:10-07:00,1,0
/Users/sohan/Documents/dsc106/lab/global.js,99,js,0e5131b5,sohan-shingade,2026-04-24,21:01:10,-07:00,2026-04-24T21:01:10-07:00,0,0
/Users/sohan/Documents/dsc106/lab/global.js,100,js,0e5131b5,sohan-shingade,2026-04-24,21:01:10,-07:00,2026-04-24T21:01:10-07:00,0,0
/Users/sohan/Documents/dsc106/lab/global.js,101,js,0e5131b5,sohan-shingade,2026-04-24,21:01:10,-07:00,2026-04-24T21:01:10-07:00,0,79
/Users/sohan/Documents/dsc106/lab/global.js,102,js,0e5131b5,sohan-shingade,2026-04-24,21:01:10,-07:00,2026-04-24T21:01:10-07:00,1,28
/Users/sohan/Documents/dsc106/lab/global.js,103,js,0e5131b5,sohan-shingade,2026-04-24,21:01:10,-07:00,2026-04-24T21:01:10-07:00,1,57
/Users/sohan/Documents/dsc106/lab/global.js,104,js,0e5131b5,sohan-shingade,2026-04-24,21:01:10,-07:00,2026-04-24T21:01:10-07:00,1,73
/Users/sohan/Documents/dsc106/lab/global.js,105,js,0e5131b5,sohan-shingade,2026-04-24,21:01:10,-07:00,2026-04-24T21:01:10-07:00,0,0
/Users/sohan/Documents/dsc106/lab/global.js,106,js,0e5131b5,sohan-shingade,2026-04-24,21:01:10,-07:00,2026-04-24T21:01:10-07:00,1,30
/Users/sohan/Documents/dsc106/lab/global.js,107,js,0e5131b5,sohan-shingade,2026-04-24,21:01:10,-07:00,2026-04-24T21:01:10-07:00,0,0
/Users/sohan/Documents/dsc106/lab/global.js,108,js,0e5131b5,sohan-shingade,2026-04-24,21:01:10,-07:00,2026-04-24T21:01:10-07:00,1,31
/Users/sohan/Documents/dsc106/lab/global.js,109,js,0e5131b5,sohan-shingade,2026-04-24,21:01:10,-07:00,2026-04-24T21:01:10-07:00,2,48
/Users/sohan/Documents/dsc106/lab/global.js,110,js,0e5131b5,sohan-shingade,2026-04-24,21:01:10,-07:00,2026-04-24T21:01:10-07:00,2,32
/Users/sohan/Documents/dsc106/lab/global.js,111,js,0e5131b5,sohan-shingade,2026-04-24,21:01:10,-07:00,2026-04-24T21:01:10-07:00,2,30
/Users/sohan/Documents/dsc106/lab/global.js,112,js,0e5131b5,sohan-shingade,2026-04-24,21:01:10,-07:00,2026-04-24T21:01:10-07:00,2,32
/Users/sohan/Documents/dsc106/lab/global.js,113,js,0e5131b5,sohan-shingade,2026-04-24,21:01:10,-07:00,2026-04-24T21:01:10-07:00,2,44
/Users/sohan/Documents/dsc106/lab/global.js,114,js,0e5131b5,sohan-shingade,2026-04-24,21:01:10,-07:00,2026-04-24T21:01:10-07:00,2,19
/Users/sohan/Documents/dsc106/lab/global.js,115,js,0e5131b5,sohan-shingade,2026-04-24,21:01:10,-07:00,2026-04-24T21:01:10-07:00,3,31
/Users/sohan/Documents/dsc106/lab/global.js,116,js,0e5131b5,sohan-shingade,2026-04-24,21:01:10,-07:00,2026-04-24T21:01:10-07:00,3,33
/Users/sohan/Documents/dsc106/lab/global.js,117,js,0e5131b5,sohan-shingade,2026-04-24,21:01:10,-07:00,2026-04-24T21:01:10-07:00,3,24
/Users/sohan/Documents/dsc106/lab/global.js,118,js,0e5131b5,sohan-shingade,2026-04-24,21:01:10,-07:00,2026-04-24T21:01:10-07:00,4,19
/Users/sohan/Documents/dsc106/lab/global.js,119,js,0e5131b5,sohan-shingade,2026-04-24,21:01:10,-07:00,2026-04-24T21:01:10-07:00,4,36
/Users/sohan/Documents/dsc106/lab/global.js,120,js,0e5131b5,sohan-shingade,2026-04-24,21:01:10,-07:00,2026-04-24T21:01:10-07:00,3,4
/Users/sohan/Documents/dsc106/lab/global.js,121,js,0e5131b5,sohan-shingade,2026-04-24,21:01:10,-07:00,2026-04-24T21:01:10-07:00,2,0
/Users/sohan/Documents/dsc106/lab/global.js,122,js,0e5131b5,sohan-shingade,2026-04-24,21:01:10,-07:00,2026-04-24T21:01:10-07:00,2,31
/Users/sohan/Documents/dsc106/lab/global.js,123,js,0e5131b5,sohan-shingade,2026-04-24,21:01:10,-07:00,2026-04-24T21:01:10-07:00,1,0
/Users/sohan/Documents/dsc106/lab/global.js,124,js,0e5131b5,sohan-shingade,2026-04-24,21:01:10,-07:00,2026-04-24T21:01:10-07:00,0,0
/Users/sohan/Documents/dsc106/lab/global.js,125,js,0e5131b5,sohan-shingade,2026-04-24,21:01:10,-07:00,2026-04-24T21:01:10-07:00,0,0
/Users/sohan/Documents/dsc106/lab/global.js,126,js,0e5131b5,sohan-shingade,2026-04-24,21:01:10,-07:00,2026-04-24T21:01:10-07:00,0,47
/Users/sohan/Documents/dsc106/lab/global.js,127,js,0e5131b5,sohan-shingade,2026-04-24,21:01:10,-07:00,2026-04-24T21:01:10-07:00,1,59
/Users/sohan/Documents/dsc106/lab/global.js,128,js,0e5131b5,sohan-shingade,2026-04-24,21:01:10,-07:00,2026-04-24T21:01:10-07:00,0,0
/Users/sohan/Documents/dsc106/lab/global.js,129,js,2e4a5d8b,sohan-shingade,2026-04-24,22:42:02,-07:00,2026-04-24T22:42:02-07:00,0,0
/Users/sohan/Documents/dsc106/lab/global.js,130,js,2e4a5d8b,sohan-shingade,2026-04-24,22:42:02,-07:00,2026-04-24T22:42:02-07:00,0,0
/Users/sohan/Documents/dsc106/lab/global.js,131,js,2e4a5d8b,sohan-shingade,2026-04-24,22:42:02,-07:00,2026-04-24T22:42:02-07:00,1,24
/Users/sohan/Documents/dsc106/lab/global.js,132,js,2e4a5d8b,sohan-shingade,2026-04-24,22:42:02,-07:00,2026-04-24T22:42:02-07:00,1,46
/Users/sohan/Documents/dsc106/lab/global.js,133,js,0fa39fe1,sohan-shingade,2026-04-24,22:45:12,-07:00,2026-04-24T22:45:12-07:00,1,67
/Users/sohan/Documents/dsc106/lab/global.js,134,js,0fa39fe1,sohan-shingade,2026-04-24,22:45:12,-07:00,2026-04-24T22:45:12-07:00,2,63
/Users/sohan/Documents/dsc106/lab/global.js,135,js,0fa39fe1,sohan-shingade,2026-04-24,22:45:12,-07:00,2026-04-24T22:45:12-07:00,2,65
/Users/sohan/Documents/dsc106/lab/global.js,136,js,0fa39fe1,sohan-shingade,2026-04-24,22:45:12,-07:00,2026-04-24T22:45:12-07:00,2,55
/Users/sohan/Documents/dsc106/lab/global.js,137,js,2e4a5d8b,sohan-shingade,2026-04-24,22:42:02,-07:00,2026-04-24T22:42:02-07:00,0,0
/Users/sohan/Documents/dsc106/lab/resume/index.html,1,html,b3ca347,sohan-shingade,2026-04-10,15:36:16,-07:00,2026-04-10T15:36:16-07:00,0,13
/Users/sohan/Documents/dsc106/lab/resume/index.html,2,html,b3ca347,sohan-shingade,2026-04-10,15:36:16,-07:00,2026-04-10T15:36:16-07:00,0,14
/Users/sohan/Documents/dsc106/lab/resume/index.html,3,html,b3ca347,sohan-shingade,2026-04-10,15:36:16,-07:00,2026-04-10T15:36:16-07:00,0,4
/Users/sohan/Documents/dsc106/lab/resume/index.html,4,html,b3ca347,sohan-shingade,2026-04-10,15:36:16,-07:00,2026-04-10T15:36:16-07:00,1,20
/Users/sohan/Documents/dsc106/lab/resume/index.html,5,html,b3ca347,sohan-shingade,2026-04-10,15:36:16,-07:00,2026-04-10T15:36:16-07:00,1,68
/Users/sohan/Documents/dsc106/lab/resume/index.html,6,html,b3ca347,sohan-shingade,2026-04-10,15:36:16,-07:00,2026-04-10T15:36:16-07:00,1,36
/Users/sohan/Documents/dsc106/lab/resume/index.html,7,html,b3ca347,sohan-shingade,2026-04-10,15:36:16,-07:00,2026-04-10T15:36:16-07:00,1,41
/Users/sohan/Documents/dsc106/lab/resume/index.html,8,html,e99309d0,sohan-shingade,2026-04-17,16:54:18,-07:00,2026-04-17T16:54:18-07:00,1,48
/Users/sohan/Documents/dsc106/lab/resume/index.html,9,html,b3ca347,sohan-shingade,2026-04-10,15:36:16,-07:00,2026-04-10T15:36:16-07:00,0,5
/Users/sohan/Documents/dsc106/lab/resume/index.html,10,html,b3ca347,sohan-shingade,2026-04-10,15:36:16,-07:00,2026-04-10T15:36:16-07:00,0,4
/Users/sohan/Documents/dsc106/lab/resume/index.html,11,html,b3ca347,sohan-shingade,2026-04-10,15:36:16,-07:00,2026-04-10T15:36:16-07:00,1,21
/Users/sohan/Documents/dsc106/lab/resume/index.html,12,html,b3ca347,sohan-shingade,2026-04-10,15:36:16,-07:00,2026-04-10T15:36:16-07:00,1,150
/Users/sohan/Documents/dsc106/lab/resume/index.html,13,html,b3ca347,sohan-shingade,2026-04-10,15:36:16,-07:00,2026-04-10T15:36:16-07:00,1,53
/Users/sohan/Documents/dsc106/lab/resume/index.html,14,html,b3ca347,sohan-shingade,2026-04-10,15:36:16,-07:00,2026-04-10T15:36:16-07:00,0,0
/Users/sohan/Documents/dsc106/lab/resume/index.html,15,html,b3ca347,sohan-shingade,2026-04-10,15:36:16,-07:00,2026-04-10T15:36:16-07:00,1,7
/Users/sohan/Documents/dsc106/lab/resume/index.html,16,html,b3ca347,sohan-shingade,2026-04-10,15:36:16,-07:00,2026-04-10T15:36:16-07:00,2,16
/Users/sohan/Documents/dsc106/lab/resume/index.html,17,html,b3ca347,sohan-shingade,2026-04-10,15:36:16,-07:00,2026-04-10T15:36:16-07:00,2,7
/Users/sohan/Documents/dsc106/lab/resume/index.html,18,html,b3ca347,sohan-shingade,2026-04-10,15:36:16,-07:00,2026-04-10T15:36:16-07:00,3,70
/Users/sohan/Documents/dsc106/lab/resume/index.html,19,html,b3ca347,sohan-shingade,2026-04-10,15:36:16,-07:00,2026-04-10T15:36:16-07:00,3,114
/Users/sohan/Documents/dsc106/lab/resume/index.html,20,html,b3ca347,sohan-shingade,2026-04-10,15:36:16,-07:00,2026-04-10T15:36:16-07:00,3,241
/Users/sohan/Documents/dsc106/lab/resume/index.html,21,html,b3ca347,sohan-shingade,2026-04-10,15:36:16,-07:00,2026-04-10T15:36:16-07:00,2,8
/Users/sohan/Documents/dsc106/lab/resume/index.html,22,html,b3ca347,sohan-shingade,2026-04-10,15:36:16,-07:00,2026-04-10T15:36:16-07:00,1,8
/Users/sohan/Documents/dsc106/lab/resume/index.html,23,html,b3ca347,sohan-shingade,2026-04-10,15:36:16,-07:00,2026-04-10T15:36:16-07:00,0,0
/Users/sohan/Documents/dsc106/lab/resume/index.html,24,html,b3ca347,sohan-shingade,2026-04-10,15:36:16,-07:00,2026-04-10T15:36:16-07:00,1,7
/Users/sohan/Documents/dsc106/lab/resume/index.html,25,html,b3ca347,sohan-shingade,2026-04-10,15:36:16,-07:00,2026-04-10T15:36:16-07:00,2,17
/Users/sohan/Documents/dsc106/lab/resume/index.html,26,html,b3ca347,sohan-shingade,2026-04-10,15:36:16,-07:00,2026-04-10T15:36:16-07:00,0,0
/Users/sohan/Documents/dsc106/lab/resume/index.html,27,html,b3ca347,sohan-shingade,2026-04-10,15:36:16,-07:00,2026-04-10T15:36:16-07:00,2,7
/Users/sohan/Documents/dsc106/lab/resume/index.html,28,html,b3ca347,sohan-shingade,2026-04-10,15:36:16,-07:00,2026-04-10T15:36:16-07:00,3,27
/Users/sohan/Documents/dsc106/lab/resume/index.html,29,html,b3ca347,sohan-shingade,2026-04-10,15:36:16,-07:00,2026-04-10T15:36:16-07:00,3,128
/Users/sohan/Documents/dsc106/lab/resume/index.html,30,html,b3ca347,sohan-shingade,2026-04-10,15:36:16,-07:00,2026-04-10T15:36:16-07:00,3,2
/Users/sohan/Documents/dsc106/lab/resume/index.html,31,html,b3ca347,sohan-shingade,2026-04-10,15:36:16,-07:00,2026-04-10T15:36:16-07:00,4,192
/Users/sohan/Documents/dsc106/lab/resume/index.html,32,html,b3ca347,sohan-shingade,2026-04-10,15:36:16,-07:00,2026-04-10T15:36:16-07:00,4,160
/Users/sohan/Documents/dsc106/lab/resume/index.html,33,html,b3ca347,sohan-shingade,2026-04-10,15:36:16,-07:00,2026-04-10T15:36:16-07:00,4,186
/Users/sohan/Documents/dsc106/lab/resume/index.html,34,html,b3ca347,sohan-shingade,2026-04-10,15:36:16,-07:00,2026-04-10T15:36:16-07:00,4,199
/Users/sohan/Documents/dsc106/lab/resume/index.html,35,html,b3ca347,sohan-shingade,2026-04-10,15:36:16,-07:00,2026-04-10T15:36:16-07:00,4,189
/Users/sohan/Documents/dsc106/lab/resume/index.html,36,html,b3ca347,sohan-shingade,2026-04-10,15:36:16,-07:00,2026-04-10T15:36:16-07:00,3,3
/Users/sohan/Documents/dsc106/lab/resume/index.html,37,html,b3ca347,sohan-shingade,2026-04-10,15:36:16,-07:00,2026-04-10T15:36:16-07:00,2,8
/Users/sohan/Documents/dsc106/lab/resume/index.html,38,html,b3ca347,sohan-shingade,2026-04-10,15:36:16,-07:00,2026-04-10T15:36:16-07:00,0,0
/Users/sohan/Documents/dsc106/lab/resume/index.html,39,html,b3ca347,sohan-shingade,2026-04-10,15:36:16,-07:00,2026-04-10T15:36:16-07:00,2,7
/Users/sohan/Documents/dsc106/lab/resume/index.html,40,html,b3ca347,sohan-shingade,2026-04-10,15:36:16,-07:00,2026-04-10T15:36:16-07:00,3,22
/Users/sohan/Documents/dsc106/lab/resume/index.html,41,html,b3ca347,sohan-shingade,2026-04-10,15:36:16,-07:00,2026-04-10T15:36:16-07:00,3,119
/Users/sohan/Documents/dsc106/lab/resume/index.html,42,html,b3ca347,sohan-shingade,2026-04-10,15:36:16,-07:00,2026-04-10T15:36:16-07:00,3,2
/Users/sohan/Documents/dsc106/lab/resume/index.html,43,html,b3ca347,sohan-shingade,2026-04-10,15:36:16,-07:00,2026-04-10T15:36:16-07:00,4,179
/Users/sohan/Documents/dsc106/lab/resume/index.html,44,html,b3ca347,sohan-shingade,2026-04-10,15:36:16,-07:00,2026-04-10T15:36:16-07:00,4,172
/Users/sohan/Documents/dsc106/lab/resume/index.html,45,html,b3ca347,sohan-shingade,2026-04-10,15:36:16,-07:00,2026-04-10T15:36:16-07:00,4,155
/Users/sohan/Documents/dsc106/lab/resume/index.html,46,html,b3ca347,sohan-shingade,2026-04-10,15:36:16,-07:00,2026-04-10T15:36:16-07:00,4,150
/Users/sohan/Documents/dsc106/lab/resume/index.html,47,html,b3ca347,sohan-shingade,2026-04-10,15:36:16,-07:00,2026-04-10T15:36:16-07:00,3,3
/Users/sohan/Documents/dsc106/lab/resume/index.html,48,html,b3ca347,sohan-shingade,2026-04-10,15:36:16,-07:00,2026-04-10T15:36:16-07:00,2,8
/Users/sohan/Documents/dsc106/lab/resume/index.html,49,html,b3ca347,sohan-shingade,2026-04-10,15:36:16,-07:00,2026-04-10T15:36:16-07:00,0,0
/Users/sohan/Documents/dsc106/lab/resume/index.html,50,html,b3ca347,sohan-shingade,2026-04-10,15:36:16,-07:00,2026-04-10T15:36:16-07:00,2,7
/Users/sohan/Documents/dsc106/lab/resume/index.html,51,html,b3ca347,sohan-shingade,2026-04-10,15:36:16,-07:00,2026-04-10T15:36:16-07:00,3,24
/Users/sohan/Documents/dsc106/lab/resume/index.html,52,html,b3ca347,sohan-shingade,2026-04-10,15:36:16,-07:00,2026-04-10T15:36:16-07:00,3,125
/Users/sohan/Documents/dsc106/lab/resume/index.html,53,html,b3ca347,sohan-shingade,2026-04-10,15:36:16,-07:00,2026-04-10T15:36:16-07:00,3,2
/Users/sohan/Documents/dsc106/lab/resume/index.html,54,html,b3ca347,sohan-shingade,2026-04-10,15:36:16,-07:00,2026-04-10T15:36:16-07:00,4,171
/Users/sohan/Documents/dsc106/lab/resume/index.html,55,html,b3ca347,sohan-shingade,2026-04-10,15:36:16,-07:00,2026-04-10T15:36:16-07:00,4,168
/Users/sohan/Documents/dsc106/lab/resume/index.html,56,html,b3ca347,sohan-shingade,2026-04-10,15:36:16,-07:00,2026-04-10T15:36:16-07:00,4,144
/Users/sohan/Documents/dsc106/lab/resume/index.html,57,html,b3ca347,sohan-shingade,2026-04-10,15:36:16,-07:00,2026-04-10T15:36:16-07:00,4,150
/Users/sohan/Documents/dsc106/lab/resume/index.html,58,html,b3ca347,sohan-shingade,2026-04-10,15:36:16,-07:00,2026-04-10T15:36:16-07:00,3,3
/Users/sohan/Documents/dsc106/lab/resume/index.html,59,html,b3ca347,sohan-shingade,2026-04-10,15:36:16,-07:00,2026-04-10T15:36:16-07:00,2,8
/Users/sohan/Documents/dsc106/lab/resume/index.html,60,html,b3ca347,sohan-shingade,2026-04-10,15:36:16,-07:00,2026-04-10T15:36:16-07:00,0,0
/Users/sohan/Documents/dsc106/lab/resume/index.html,61,html,b3ca347,sohan-shingade,2026-04-10,15:36:16,-07:00,2026-04-10T15:36:16-07:00,2,7
/Users/sohan/Documents/dsc106/lab/resume/index.html,62,html,b3ca347,sohan-shingade,2026-04-10,15:36:16,-07:00,2026-04-10T15:36:16-07:00,3,15
/Users/sohan/Documents/dsc106/lab/resume/index.html,63,html,b3ca347,sohan-shingade,2026-04-10,15:36:16,-07:00,2026-04-10T15:36:16-07:00,3,160
/Users/sohan/Documents/dsc106/lab/resume/index.html,64,html,b3ca347,sohan-shingade,2026-04-10,15:36:16,-07:00,2026-04-10T15:36:16-07:00,3,2
/Users/sohan/Documents/dsc106/lab/resume/index.html,65,html,b3ca347,sohan-shingade,2026-04-10,15:36:16,-07:00,2026-04-10T15:36:16-07:00,4,173
/Users/sohan/Documents/dsc106/lab/resume/index.html,66,html,b3ca347,sohan-shingade,2026-04-10,15:36:16,-07:00,2026-04-10T15:36:16-07:00,4,135
/Users/sohan/Documents/dsc106/lab/resume/index.html,67,html,b3ca347,sohan-shingade,2026-04-10,15:36:16,-07:00,2026-04-10T15:36:16-07:00,4,147
/Users/sohan/Documents/dsc106/lab/resume/index.html,68,html,b3ca347,sohan-shingade,2026-04-10,15:36:16,-07:00,2026-04-10T15:36:16-07:00,4,145
/Users/sohan/Documents/dsc106/lab/resume/index.html,69,html,b3ca347,sohan-shingade,2026-04-10,15:36:16,-07:00,2026-04-10T15:36:16-07:00,3,3
/Users/sohan/Documents/dsc106/lab/resume/index.html,70,html,b3ca347,sohan-shingade,2026-04-10,15:36:16,-07:00,2026-04-10T15:36:16-07:00,2,8
/Users/sohan/Documents/dsc106/lab/resume/index.html,71,html,b3ca347,sohan-shingade,2026-04-10,15:36:16,-07:00,2026-04-10T15:36:16-07:00,1,8
/Users/sohan/Documents/dsc106/lab/resume/index.html,72,html,b3ca347,sohan-shingade,2026-04-10,15:36:16,-07:00,2026-04-10T15:36:16-07:00,0,0
/Users/sohan/Documents/dsc106/lab/resume/index.html,73,html,b3ca347,sohan-shingade,2026-04-10,15:36:16,-07:00,2026-04-10T15:36:16-07:00,1,7
/Users/sohan/Documents/dsc106/lab/resume/index.html,74,html,b3ca347,sohan-shingade,2026-04-10,15:36:16,-07:00,2026-04-10T15:36:16-07:00,2,15
/Users/sohan/Documents/dsc106/lab/resume/index.html,75,html,b3ca347,sohan-shingade,2026-04-10,15:36:16,-07:00,2026-04-10T15:36:16-07:00,0,0
/Users/sohan/Documents/dsc106/lab/resume/index.html,76,html,b3ca347,sohan-shingade,2026-04-10,15:36:16,-07:00,2026-04-10T15:36:16-07:00,2,7
/Users/sohan/Documents/dsc106/lab/resume/index.html,77,html,b3ca347,sohan-shingade,2026-04-10,15:36:16,-07:00,2026-04-10T15:36:16-07:00,3,77
/Users/sohan/Documents/dsc106/lab/resume/index.html,78,html,b3ca347,sohan-shingade,2026-04-10,15:36:16,-07:00,2026-04-10T15:36:16-07:00,3,275
/Users/sohan/Documents/dsc106/lab/resume/index.html,79,html,b3ca347,sohan-shingade,2026-04-10,15:36:16,-07:00,2026-04-10T15:36:16-07:00,2,8
/Users/sohan/Documents/dsc106/lab/resume/index.html,80,html,b3ca347,sohan-shingade,2026-04-10,15:36:16,-07:00,2026-04-10T15:36:16-07:00,0,0
/Users/sohan/Documents/dsc106/lab/resume/index.html,81,html,b3ca347,sohan-shingade,2026-04-10,15:36:16,-07:00,2026-04-10T15:36:16-07:00,2,7
/Users/sohan/Documents/dsc106/lab/resume/index.html,82,html,b3ca347,sohan-shingade,2026-04-10,15:36:16,-07:00,2026-04-10T15:36:16-07:00,3,55
/Users/sohan/Documents/dsc106/lab/resume/index.html,83,html,b3ca347,sohan-shingade,2026-04-10,15:36:16,-07:00,2026-04-10T15:36:16-07:00,3,224
/Users/sohan/Documents/dsc106/lab/resume/index.html,84,html,b3ca347,sohan-shingade,2026-04-10,15:36:16,-07:00,2026-04-10T15:36:16-07:00,2,8
/Users/sohan/Documents/dsc106/lab/resume/index.html,85,html,b3ca347,sohan-shingade,2026-04-10,15:36:16,-07:00,2026-04-10T15:36:16-07:00,0,0
/Users/sohan/Documents/dsc106/lab/resume/index.html,86,html,b3ca347,sohan-shingade,2026-04-10,15:36:16,-07:00,2026-04-10T15:36:16-07:00,2,7
/Users/sohan/Documents/dsc106/lab/resume/index.html,87,html,b3ca347,sohan-shingade,2026-04-10,15:36:16,-07:00,2026-04-10T15:36:16-07:00,3,77
/Users/sohan/Documents/dsc106/lab/resume/index.html,88,html,b3ca347,sohan-shingade,2026-04-10,15:36:16,-07:00,2026-04-10T15:36:16-07:00,3,187
/Users/sohan/Documents/dsc106/lab/resume/index.html,89,html,b3ca347,sohan-shingade,2026-04-10,15:36:16,-07:00,2026-04-10T15:36:16-07:00,2,8
/Users/sohan/Documents/dsc106/lab/resume/index.html,90,html,b3ca347,sohan-shingade,2026-04-10,15:36:16,-07:00,2026-04-10T15:36:16-07:00,0,0
/Users/sohan/Documents/dsc106/lab/resume/index.html,91,html,b3ca347,sohan-shingade,2026-04-10,15:36:16,-07:00,2026-04-10T15:36:16-07:00,2,7
/Users/sohan/Documents/dsc106/lab/resume/index.html,92,html,b3ca347,sohan-shingade,2026-04-10,15:36:16,-07:00,2026-04-10T15:36:16-07:00,3,59
/Users/sohan/Documents/dsc106/lab/resume/index.html,93,html,b3ca347,sohan-shingade,2026-04-10,15:36:16,-07:00,2026-04-10T15:36:16-07:00,3,164
/Users/sohan/Documents/dsc106/lab/resume/index.html,94,html,b3ca347,sohan-shingade,2026-04-10,15:36:16,-07:00,2026-04-10T15:36:16-07:00,2,8
/Users/sohan/Documents/dsc106/lab/resume/index.html,95,html,b3ca347,sohan-shingade,2026-04-10,15:36:16,-07:00,2026-04-10T15:36:16-07:00,1,8
/Users/sohan/Documents/dsc106/lab/resume/index.html,96,html,b3ca347,sohan-shingade,2026-04-10,15:36:16,-07:00,2026-04-10T15:36:16-07:00,0,0
/Users/sohan/Documents/dsc106/lab/resume/index.html,97,html,b3ca347,sohan-shingade,2026-04-10,15:36:16,-07:00,2026-04-10T15:36:16-07:00,1,7
/Users/sohan/Documents/dsc106/lab/resume/index.html,98,html,b3ca347,sohan-shingade,2026-04-10,15:36:16,-07:00,2026-04-10T15:36:16-07:00,2,23
/Users/sohan/Documents/dsc106/lab/resume/index.html,99,html,b3ca347,sohan-shingade,2026-04-10,15:36:16,-07:00,2026-04-10T15:36:16-07:00,2,2
/Users/sohan/Documents/dsc106/lab/resume/index.html,100,html,b3ca347,sohan-shingade,2026-04-10,15:36:16,-07:00,2026-04-10T15:36:16-07:00,3,112
/Users/sohan/Documents/dsc106/lab/resume/index.html,101,html,b3ca347,sohan-shingade,2026-04-10,15:36:16,-07:00,2026-04-10T15:36:16-07:00,3,140
/Users/sohan/Documents/dsc106/lab/resume/index.html,102,html,b3ca347,sohan-shingade,2026-04-10,15:36:16,-07:00,2026-04-10T15:36:16-07:00,3,157
/Users/sohan/Documents/dsc106/lab/resume/index.html,103,html,b3ca347,sohan-shingade,2026-04-10,15:36:16,-07:00,2026-04-10T15:36:16-07:00,3,167
/Users/sohan/Documents/dsc106/lab/resume/index.html,104,html,b3ca347,sohan-shingade,2026-04-10,15:36:16,-07:00,2026-04-10T15:36:16-07:00,2,3
/Users/sohan/Documents/dsc106/lab/resume/index.html,105,html,b3ca347,sohan-shingade,2026-04-10,15:36:16,-07:00,2026-04-10T15:36:16-07:00,1,8
/Users/sohan/Documents/dsc106/lab/resume/index.html,106,html,b3ca347,sohan-shingade,2026-04-10,15:36:16,-07:00,2026-04-10T15:36:16-07:00,0,5
/Users/sohan/Documents/dsc106/lab/resume/index.html,107,html,b3ca347,sohan-shingade,2026-04-10,15:36:16,-07:00,2026-04-10T15:36:16-07:00,0,5
/Users/sohan/Documents/dsc106/lab/projects/projects.js,1,js,0e5131b5,sohan-shingade,2026-04-24,21:01:10,-07:00,2026-04-24T21:01:10-07:00,0,55
/Users/sohan/Documents/dsc106/lab/projects/projects.js,2,js,0e5131b5,sohan-shingade,2026-04-24,21:01:10,-07:00,2026-04-24T21:01:10-07:00,0,0
/Users/sohan/Documents/dsc106/lab/projects/projects.js,3,js,0e5131b5,sohan-shingade,2026-04-24,21:01:10,-07:00,2026-04-24T21:01:10-07:00,0,55
/Users/sohan/Documents/dsc106/lab/projects/projects.js,4,js,0e5131b5,sohan-shingade,2026-04-24,21:01:10,-07:00,2026-04-24T21:01:10-07:00,0,0
/Users/sohan/Documents/dsc106/lab/projects/projects.js,5,js,0e5131b5,sohan-shingade,2026-04-24,21:01:10,-07:00,2026-04-24T21:01:10-07:00,0,60
/Users/sohan/Documents/dsc106/lab/projects/projects.js,6,js,0e5131b5,sohan-shingade,2026-04-24,21:01:10,-07:00,2026-04-24T21:01:10-07:00,0,48
/Users/sohan/Documents/dsc106/lab/projects/projects.js,7,js,0e5131b5,sohan-shingade,2026-04-24,21:01:10,-07:00,2026-04-24T21:01:10-07:00,0,0
/Users/sohan/Documents/dsc106/lab/projects/projects.js,8,js,0e5131b5,sohan-shingade,2026-04-24,21:01:10,-07:00,2026-04-24T21:01:10-07:00,0,56
/Users/sohan/Documents/dsc106/lab/projects/projects.js,9,js,0e5131b5,sohan-shingade,2026-04-24,21:01:10,-07:00,2026-04-24T21:01:10-07:00,0,12
/Users/sohan/Documents/dsc106/lab/projects/projects.js,10,js,0e5131b5,sohan-shingade,2026-04-24,21:01:10,-07:00,2026-04-24T21:01:10-07:00,1,28
/Users/sohan/Documents/dsc106/lab/projects/projects.js,11,js,0e5131b5,sohan-shingade,2026-04-24,21:01:10,-07:00,2026-04-24T21:01:10-07:00,1,71
/Users/sohan/Documents/dsc106/lab/projects/projects.js,12,js,0e5131b5,sohan-shingade,2026-04-24,21:01:10,-07:00,2026-04-24T21:01:10-07:00,0,0
/Users/sohan/Documents/dsc106/lab/projects/index.html,1,html,b3ca347,sohan-shingade,2026-04-10,15:36:16,-07:00,2026-04-10T15:36:16-07:00,0,13
/Users/sohan/Documents/dsc106/lab/projects/index.html,2,html,b3ca347,sohan-shingade,2026-04-10,15:36:16,-07:00,2026-04-10T15:36:16-07:00,0,14
/Users/sohan/Documents/dsc106/lab/projects/index.html,3,html,b3ca347,sohan-shingade,2026-04-10,15:36:16,-07:00,2026-04-10T15:36:16-07:00,0,4
/Users/sohan/Documents/dsc106/lab/projects/index.html,4,html,b3ca347,sohan-shingade,2026-04-10,15:36:16,-07:00,2026-04-10T15:36:16-07:00,1,20
/Users/sohan/Documents/dsc106/lab/projects/index.html,5,html,b3ca347,sohan-shingade,2026-04-10,15:36:16,-07:00,2026-04-10T15:36:16-07:00,1,68
/Users/sohan/Documents/dsc106/lab/projects/index.html,6,html,b3ca347,sohan-shingade,2026-04-10,15:36:16,-07:00,2026-04-10T15:36:16-07:00,1,38
/Users/sohan/Documents/dsc106/lab/projects/index.html,7,html,b3ca347,sohan-shingade,2026-04-10,15:36:16,-07:00,2026-04-10T15:36:16-07:00,1,41
/Users/sohan/Documents/dsc106/lab/projects/index.html,8,html,e99309d0,sohan-shingade,2026-04-17,16:54:18,-07:00,2026-04-17T16:54:18-07:00,1,48
/Users/sohan/Documents/dsc106/lab/projects/index.html,9,html,0e5131b5,sohan-shingade,2026-04-24,21:01:10,-07:00,2026-04-24T21:01:10-07:00,1,53
/Users/sohan/Documents/dsc106/lab/projects/index.html,10,html,b3ca347,sohan-shingade,2026-04-10,15:36:16,-07:00,2026-04-10T15:36:16-07:00,0,5
/Users/sohan/Documents/dsc106/lab/projects/index.html,11,html,b3ca347,sohan-shingade,2026-04-10,15:36:16,-07:00,2026-04-10T15:36:16-07:00,0,4
/Users/sohan/Documents/dsc106/lab/projects/index.html,12,html,0e5131b5,sohan-shingade,2026-04-24,21:01:10,-07:00,2026-04-24T21:01:10-07:00,1,38
/Users/sohan/Documents/dsc106/lab/projects/index.html,13,html,b3ca347,sohan-shingade,2026-04-10,15:36:16,-07:00,2026-04-10T15:36:16-07:00,0,0
/Users/sohan/Documents/dsc106/lab/projects/index.html,14,html,0e5131b5,sohan-shingade,2026-04-24,21:01:10,-07:00,2026-04-24T21:01:10-07:00,1,26
/Users/sohan/Documents/dsc106/lab/projects/index.html,15,html,b3ca347,sohan-shingade,2026-04-10,15:36:16,-07:00,2026-04-10T15:36:16-07:00,0,5
/Users/sohan/Documents/dsc106/lab/projects/index.html,16,html,b3ca347,sohan-shingade,2026-04-10,15:36:16,-07:00,2026-04-10T15:36:16-07:00,0,5
/Users/sohan/Documents/dsc106/lab/contact/index.html,1,html,b3ca347,sohan-shingade,2026-04-10,15:36:16,-07:00,2026-04-10T15:36:16-07:00,0,13
/Users/sohan/Documents/dsc106/lab/contact/index.html,2,html,b3ca347,sohan-shingade,2026-04-10,15:36:16,-07:00,2026-04-10T15:36:16-07:00,0,14
/Users/sohan/Documents/dsc106/lab/contact/index.html,3,html,b3ca347,sohan-shingade,2026-04-10,15:36:16,-07:00,2026-04-10T15:36:16-07:00,0,4
/Users/sohan/Documents/dsc106/lab/contact/index.html,4,html,b3ca347,sohan-shingade,2026-04-10,15:36:16,-07:00,2026-04-10T15:36:16-07:00,1,20
/Users/sohan/Documents/dsc106/lab/contact/index.html,5,html,b3ca347,sohan-shingade,2026-04-10,15:36:16,-07:00,2026-04-10T15:36:16-07:00,1,68
/Users/sohan/Documents/dsc106/lab/contact/index.html,6,html,b3ca347,sohan-shingade,2026-04-10,15:36:16,-07:00,2026-04-10T15:36:16-07:00,1,37
/Users/sohan/Documents/dsc106/lab/contact/index.html,7,html,b3ca347,sohan-shingade,2026-04-10,15:36:16,-07:00,2026-04-10T15:36:16-07:00,1,41
/Users/sohan/Documents/dsc106/lab/contact/index.html,8,html,e99309d0,sohan-shingade,2026-04-17,16:54:18,-07:00,2026-04-17T16:54:18-07:00,1,48
/Users/sohan/Documents/dsc106/lab/contact/index.html,9,html,b3ca347,sohan-shingade,2026-04-10,15:36:16,-07:00,2026-04-10T15:36:16-07:00,0,5
/Users/sohan/Documents/dsc106/lab/contact/index.html,10,html,b3ca347,sohan-shingade,2026-04-10,15:36:16,-07:00,2026-04-10T15:36:16-07:00,0,4
/Users/sohan/Documents/dsc106/lab/contact/index.html,11,html,b3ca347,sohan-shingade,2026-04-10,15:36:16,-07:00,2026-04-10T15:36:16-07:00,1,17
/Users/sohan/Documents/dsc106/lab/contact/index.html,12,html,b3ca347,sohan-shingade,2026-04-10,15:36:16,-07:00,2026-04-10T15:36:16-07:00,0,0
/Users/sohan/Documents/dsc106/lab/contact/index.html,13,html,b3ca347,sohan-shingade,2026-04-10,15:36:16,-07:00,2026-04-10T15:36:16-07:00,1,49
/Users/sohan/Documents/dsc106/lab/contact/index.html,14,html,b3ca347,sohan-shingade,2026-04-10,15:36:16,-07:00,2026-04-10T15:36:16-07:00,0,0
/Users/sohan/Documents/dsc106/lab/contact/index.html,15,html,e99309d0,sohan-shingade,2026-04-17,16:54:18,-07:00,2026-04-17T16:54:18-07:00,1,57
/Users/sohan/Documents/dsc106/lab/contact/index.html,16,html,b3ca347,sohan-shingade,2026-04-10,15:36:16,-07:00,2026-04-10T15:36:16-07:00,2,5
/Users/sohan/Documents/dsc106/lab/contact/index.html,17,html,b3ca347,sohan-shingade,2026-04-10,15:36:16,-07:00,2026-04-10T15:36:16-07:00,3,8
/Users/sohan/Documents/dsc106/lab/contact/index.html,18,html,b3ca347,sohan-shingade,2026-04-10,15:36:16,-07:00,2026-04-10T15:36:16-07:00,3,55
/Users/sohan/Documents/dsc106/lab/contact/index.html,19,html,b3ca347,sohan-shingade,2026-04-10,15:36:16,-07:00,2026-04-10T15:36:16-07:00,2,6
/Users/sohan/Documents/dsc106/lab/contact/index.html,20,html,b3ca347,sohan-shingade,2026-04-10,15:36:16,-07:00,2026-04-10T15:36:16-07:00,0,0
/Users/sohan/Documents/dsc106/lab/contact/index.html,21,html,b3ca347,sohan-shingade,2026-04-10,15:36:16,-07:00,2026-04-10T15:36:16-07:00,2,5
/Users/sohan/Documents/dsc106/lab/contact/index.html,22,html,b3ca347,sohan-shingade,2026-04-10,15:36:16,-07:00,2026-04-10T15:36:16-07:00,3,5
/Users/sohan/Documents/dsc106/lab/contact/index.html,23,html,b3ca347,sohan-shingade,2026-04-10,15:36:16,-07:00,2026-04-10T15:36:16-07:00,3,35
/Users/sohan/Documents/dsc106/lab/contact/index.html,24,html,b3ca347,sohan-shingade,2026-04-10,15:36:16,-07:00,2026-04-10T15:36:16-07:00,2,6
/Users/sohan/Documents/dsc106/lab/contact/index.html,25,html,b3ca347,sohan-shingade,2026-04-10,15:36:16,-07:00,2026-04-10T15:36:16-07:00,0,0
/Users/sohan/Documents/dsc106/lab/contact/index.html,26,html,b3ca347,sohan-shingade,2026-04-10,15:36:16,-07:00,2026-04-10T15:36:16-07:00,2,5
/Users/sohan/Documents/dsc106/lab/contact/index.html,27,html,b3ca347,sohan-shingade,2026-04-10,15:36:16,-07:00,2026-04-10T15:36:16-07:00,3,5
/Users/sohan/Documents/dsc106/lab/contact/index.html,28,html,b3ca347,sohan-shingade,2026-04-10,15:36:16,-07:00,2026-04-10T15:36:16-07:00,3,71
/Users/sohan/Documents/dsc106/lab/contact/index.html,29,html,b3ca347,sohan-shingade,2026-04-10,15:36:16,-07:00,2026-04-10T15:36:16-07:00,2,6
/Users/sohan/Documents/dsc106/lab/contact/index.html,30,html,b3ca347,sohan-shingade,2026-04-10,15:36:16,-07:00,2026-04-10T15:36:16-07:00,0,0
/Users/sohan/Documents/dsc106/lab/contact/index.html,31,html,b3ca347,sohan-shingade,2026-04-10,15:36:16,-07:00,2026-04-10T15:36:16-07:00,2,41
/Users/sohan/Documents/dsc106/lab/contact/index.html,32,html,b3ca347,sohan-shingade,2026-04-10,15:36:16,-07:00,2026-04-10T15:36:16-07:00,1,5
/Users/sohan/Documents/dsc106/lab/contact/index.html,33,html,b3ca347,sohan-shingade,2026-04-10,15:36:16,-07:00,2026-04-10T15:36:16-07:00,0,5
/Users/sohan/Documents/dsc106/lab/contact/index.html,34,html,b3ca347,sohan-shingade,2026-04-10,15:36:16,-07:00,2026-04-10T15:36:16-07:00,0,5
